Service,Type,Source,Destination,Fare
Uber,XL,Vidyalankar Institute Wadala,Kurla,479
Uber,Bike,Vidyalankar Institute Wadala,Kurla,130
Uber,Black/Lux,Vidyalankar Institute Wadala,Kurla,400
Uber,Mini,Vidyalankar Institute Wadala,Kurla,245
Uber,Taxi,Vidyalankar Institute Wadala,Kurla,180
Uber,Premier Sedan,Vidyalankar Institute Wadala,Kurla,330
Uber,SUV,Vidyalankar Institute Wadala,Kurla,400
Ola,XL,Vidyalankar Institute Wadala,Kurla,459
Ola,Bike,Vidyalankar Institute Wadala,Kurla,113
Ola,Black/Lux,Vidyalankar Institute Wadala,Kurla,425
Ola,Mini,Vidyalankar Institute Wadala,Kurla,237
Ola,Taxi,Vidyalankar Institute Wadala,Kurla,170
Ola,Premier Sedan,Vidyalankar Institute Wadala,Kurla,306
Ola,SUV,Vidyalankar Institute Wadala,Kurla,395
Uber,XL,Vidyalankar Institute Wadala,Dadar,230
Uber,Bike,Vidyalankar Institute Wadala,Dadar,65
Uber,Black/Lux,Vidyalankar Institute Wadala,Dadar,280
Uber,Taxi,Vidyalankar Institute Wadala,Dadar,120
Uber ,Premier Sedan,Vidyalankar Institute Wadala,Dadar,300
Uber,SUV,Vidyalankar Institute Wadala,Dadar,375
Ola,XL,Vidyalankar Institute Wadala,Dadar,320
Ola,Bike,Vidyalankar Institute Wadala,Dadar,73
Ola,Black/Lux,Vidyalankar Institute Wadala,Dadar,297
Ola,Taxi,Vidyalankar Institute Wadala,Dadar,111
Ola,Premier Sedan,Vidyalankar Institute Wadala,Dadar,307
Ola,SUV,Vidyalankar Institute Wadala,Dadar,382
Uber,XL,Vidyalankar Institute Wadala,Ghatkopar,425
Uber,Bike,Vidyalankar Institute Wadala,Ghatkopar,190
Uber,Black/Lux,Vidyalankar Institute Wadala,Ghatkopar,350
Uber,Mini,Vidyalankar Institute Wadala,Ghatkopar,320
Uber,Taxi,Vidyalankar Institute Wadala,Ghatkopar,315
Uber ,Premier Sedan,Vidyalankar Institute Wadala,Ghatkopar,400
Uber,SUV,Vidyalankar Institute Wadala,Ghatkopar,550
Ola,XL,Vidyalankar Institute Wadala,Ghatkopar,419
Ola,Bike,Vidyalankar Institute Wadala,Ghatkopar,199
Ola,Black/Lux,Vidyalankar Institute Wadala,Ghatkopar,340
Ola,Mini,Vidyalankar Institute Wadala,Ghatkopar,333
Ola,Taxi,Vidyalankar Institute Wadala,Ghatkopar,300
Ola,Premier Sedan,Vidyalankar Institute Wadala,Ghatkopar,390
Ola,SUV,Vidyalankar Institute Wadala,Ghatkopar,541
Uber,XL,Vidyalankar Institute Wadala,Bhandup,795
Uber,Bike,Vidyalankar Institute Wadala,Bhandup,
Uber,Black/Lux,Vidyalankar Institute Wadala,Bhandup,600
Uber,Mini,Vidyalankar Institute Wadala,Bhandup,500
Uber,Taxi,Vidyalankar Institute Wadala,Bhandup,420
Uber ,Premier Sedan,Vidyalankar Institute Wadala,Bhandup,555
Uber,SUV,Vidyalankar Institute Wadala,Bhandup,790
Ola,XL,Vidyalankar Institute Wadala,Bhandup,800
Ola,Bike,Vidyalankar Institute Wadala,Bhandup,
Ola,Black/Lux,Vidyalankar Institute Wadala,Bhandup,604
Ola,Mini,Vidyalankar Institute Wadala,Bhandup,508
Ola,Taxi,Vidyalankar Institute Wadala,Bhandup,450
Ola,Premier Sedan,Vidyalankar Institute Wadala,Bhandup,562
Ola,SUV,Vidyalankar Institute Wadala,Bhandup,784
Uber,XL,Vidyalankar Institute Wadala,Mulund,700
Uber,Bike,Vidyalankar Institute Wadala,Mulund,
Uber,Black/Lux,Vidyalankar Institute Wadala,Mulund,610
Uber,Mini,Vidyalankar Institute Wadala,Mulund,530
Uber,Taxi,Vidyalankar Institute Wadala,Mulund,480
Uber ,Premier Sedan,Vidyalankar Institute Wadala,Mulund,555
Uber,SUV,Vidyalankar Institute Wadala,Mulund,790
Ola,XL,Vidyalankar Institute Wadala,Mulund,702
Ola,Bike,Vidyalankar Institute Wadala,Mulund,Unavailable for long disance
Ola,Black/Lux,Vidyalankar Institute Wadala,Mulund,600
Ola,Mini,Vidyalankar Institute Wadala,Mulund,520
Ola,Taxi,Vidyalankar Institute Wadala,Mulund,4
Ola,Premier Sedan,Vidyalankar Institute Wadala,Mulund,562
Ola,SUV,Vidyalankar Institute Wadala,Mulund,783
Uber,XL,Vidyalankar Institute Wadala,Colaba,560
Uber,Bike,Vidyalankar Institute Wadala,Colaba,Unavailable for long disance
Uber,Black/Lux,Vidyalankar Institute Wadala,Colaba,512
Uber,Mini,Vidyalankar Institute Wadala,Colaba,440
Uber,Taxi,Vidyalankar Institute Wadala,Colaba,350
Uber ,Premier Sedan,Vidyalankar Institute Wadala,Colaba,560
Uber,SUV,Vidyalankar Institute Wadala,Colaba,700
Ola,XL,Vidyalankar Institute Wadala,Colaba,550
Ola,Bike,Vidyalankar Institute Wadala,Colaba,Unavailable for long disance
Ola,Black/Lux,Vidyalankar Institute Wadala,Colaba,500
Ola,Mini,Vidyalankar Institute Wadala,Colaba,450
Ola,Taxi,Vidyalankar Institute Wadala,Colaba,354
Ola,Premier Sedan,Vidyalankar Institute Wadala,Colaba,567
Ola,SUV,Vidyalankar Institute Wadala,Colaba,715
Uber,XL,Vidyalankar Institute Wadala,Sion,280
Uber,Bike,Vidyalankar Institute Wadala,Sion,80
Uber,Black/Lux,Vidyalankar Institute Wadala,Sion,240
Uber,Mini,Vidyalankar Institute Wadala,Sion,180
Uber,Taxi,Vidyalankar Institute Wadala,Sion,100
Uber ,Premier Sedan,Vidyalankar Institute Wadala,Sion,250
Uber,SUV,Vidyalankar Institute Wadala,Sion,350
Ola,XL,Vidyalankar Institute Wadala,Sion,260
Ola,Bike,Vidyalankar Institute Wadala,Sion,72
Ola,Black/Lux,Vidyalankar Institute Wadala,Sion,250
Ola,Mini,Vidyalankar Institute Wadala,Sion,197
Ola,Taxi,Vidyalankar Institute Wadala,Sion,111
Ola,Premier Sedan,Vidyalankar Institute Wadala,Sion,224
Ola,SUV,Vidyalankar Institute Wadala,Sion,334
Uber,XL,Vidyalankar Institute Wadala,Matunga,380
Uber,Bike,Vidyalankar Institute Wadala,Matunga,70
Uber,Black/Lux,Vidyalankar Institute Wadala,Matunga,300
Uber,Mini,Vidyalankar Institute Wadala,Matunga,299
Uber,Taxi,Vidyalankar Institute Wadala,Matunga,148
Uber ,Premier Sedan,Vidyalankar Institute Wadala,Matunga,350
Uber,SUV,Vidyalankar Institute Wadala,Matunga,410
Ola,XL,Vidyalankar Institute Wadala,Matunga,363
Ola,Bike,Vidyalankar Institute Wadala,Matunga,80
Ola,Black/Lux,Vidyalankar Institute Wadala,Matunga,310
Ola,Mini,Vidyalankar Institute Wadala,Matunga,280
Ola,Taxi,Vidyalankar Institute Wadala,Matunga,130
Ola,Premier Sedan,Vidyalankar Institute Wadala,Matunga,319
Ola,SUV,Vidyalankar Institute Wadala,Matunga,443
Uber,XL,Vidyalankar Institute Wadala,Thane,660
Uber,Bike,Vidyalankar Institute Wadala,Thane,Unavailable for long disance
Uber,Black/Lux,Vidyalankar Institute Wadala,Thane,515
Uber,Mini,Vidyalankar Institute Wadala,Thane,427
Uber,Taxi,Vidyalankar Institute Wadala,Thane,420
Uber ,Premier Sedan,Vidyalankar Institute Wadala,Thane,450
Uber,SUV,Vidyalankar Institute Wadala,Thane,710
Ola,XL,Vidyalankar Institute Wadala,Thane,692
Ola,Bike,Vidyalankar Institute Wadala,Thane,Unavailable for long disance
Ola,Black/Lux,Vidyalankar Institute Wadala,Thane,550
Ola,Mini,Vidyalankar Institute Wadala,Thane,439
Ola,Taxi,Vidyalankar Institute Wadala,Thane,448
Ola,Premier Sedan,Vidyalankar Institute Wadala,Thane,496
Ola,SUV,Vidyalankar Institute Wadala,Thane,692
Uber,XL,Vidyalankar Institute Wadala,Kalyan,1245
Uber,Bike,Vidyalankar Institute Wadala,Kalyan,Unavailable for long disance
Uber,Black/Lux,Vidyalankar Institute Wadala,Kalyan,900
Uber,Mini,Vidyalankar Institute Wadala,Kalyan,780
Uber,Taxi,Vidyalankar Institute Wadala,Kalyan,1000
Uber ,Premier Sedan,Vidyalankar Institute Wadala,Kalyan,819
Uber,SUV,Vidyalankar Institute Wadala,Kalyan,1145
Ola,XL,Vidyalankar Institute Wadala,Kalyan,119
Ola,Bike,Vidyalankar Institute Wadala,Kalyan,Unavailable for long disance
Ola,Black/Lux,Vidyalankar Institute Wadala,Kalyan,950
Ola,Mini,Vidyalankar Institute Wadala,Kalyan,800
Ola,Taxi,Vidyalankar Institute Wadala,Kalyan,1013
Ola,Premier Sedan,Vidyalankar Institute Wadala,Kalyan,800
Ola,SUV,Vidyalankar Institute Wadala,Kalyan,1135
Uber,XL,Vidyalankar Institute Wadala,Nahur,730
Uber,Bike,Vidyalankar Institute Wadala,Nahur,Unavailable for long disance
Uber,Black/Lux,Vidyalankar Institute Wadala,Nahur,560
Uber,Mini,Vidyalankar Institute Wadala,Nahur,790
Uber,Taxi,Vidyalankar Institute Wadala,Nahur,460
Uber ,Premier Sedan,Vidyalankar Institute Wadala,Nahur,495
Uber,SUV,Vidyalankar Institute Wadala,Nahur,725
Ola,XL,Vidyalankar Institute Wadala,Nahur,623
Ola,Bike,Vidyalankar Institute Wadala,Nahur,Unavailable for long disance
Ola,Black/Lux,Vidyalankar Institute Wadala,Nahur,589
Ola,Mini,Vidyalankar Institute Wadala,Nahur,478
Ola,Taxi,Vidyalankar Institute Wadala,Nahur,420
Ola,Premier Sedan,Vidyalankar Institute Wadala,Nahur,509
Ola,SUV,Vidyalankar Institute Wadala,Nahur,709
Uber,XL,Vidyalankar Institute Wadala,Kanjur Marg,630
Uber,Bike,Vidyalankar Institute Wadala,Kanjur Marg,Unavailable for long disance
Uber,Black/Lux,Vidyalankar Institute Wadala,Kanjur Marg,500
Uber,Mini,Vidyalankar Institute Wadala,Kanjur Marg,440
Uber,Taxi,Vidyalankar Institute Wadala,Kanjur Marg,370
Uber ,Premier Sedan,Vidyalankar Institute Wadala,Kanjur Marg,585
Uber,SUV,Vidyalankar Institute Wadala,Kanjur Marg,700
Ola,XL,Vidyalankar Institute Wadala,Kanjur Marg,643
Ola,Bike,Vidyalankar Institute Wadala,Kanjur Marg,Unavailable for long disance
Ola,Black/Lux,Vidyalankar Institute Wadala,Kanjur Marg,520
Ola,Mini,Vidyalankar Institute Wadala,Kanjur Marg,490
Ola,Taxi,Vidyalankar Institute Wadala,Kanjur Marg,393
Ola,Premier Sedan,Vidyalankar Institute Wadala,Kanjur Marg,566
Ola,SUV,Vidyalankar Institute Wadala,Kanjur Marg,715
Uber,XL,Vidyalankar Institute Wadala,Badlapur,999
Uber,Bike,Vidyalankar Institute Wadala,Badlapur,Unavailable for long disance
Uber,Black/Lux,Vidyalankar Institute Wadala,Badlapur,740
Uber,Mini,Vidyalankar Institute Wadala,Badlapur,619
Uber,Taxi,Vidyalankar Institute Wadala,Badlapur,489
Uber ,Premier Sedan,Vidyalankar Institute Wadala,Badlapur,690
Uber,SUV,Vidyalankar Institute Wadala,Badlapur,1220
Ola,XL,Vidyalankar Institute Wadala,Badlapur,900
Ola,Bike,Vidyalankar Institute Wadala,Badlapur,Unavailable for long disance
Ola,Black/Lux,Vidyalankar Institute Wadala,Badlapur,750
Ola,Mini,Vidyalankar Institute Wadala,Badlapur,600
Ola,Taxi,Vidyalankar Institute Wadala,Badlapur,500
Ola,Premier Sedan,Vidyalankar Institute Wadala,Badlapur,670
Ola,SUV,Vidyalankar Institute Wadala,Badlapur,1267
Uber,XL,Vidyalankar Institute Wadala,Borivali,830
Uber,Bike,Vidyalankar Institute Wadala,Borivali,Unavailable for long disance
Uber,Black/Lux,Vidyalankar Institute Wadala,Borivali,650
Uber,Mini,Vidyalankar Institute Wadala,Borivali,570
Uber,Taxi,Vidyalankar Institute Wadala,Borivali,580
Uber ,Premier Sedan,Vidyalankar Institute Wadala,Borivali,640
Uber,SUV,Vidyalankar Institute Wadala,Borivali,918
Ola,XL,Vidyalankar Institute Wadala,Borivali,850
Ola,Bike,Vidyalankar Institute Wadala,Borivali,Unavailable for long disance
Ola,Black/Lux,Vidyalankar Institute Wadala,Borivali,680
Ola,Mini,Vidyalankar Institute Wadala,Borivali,586
Ola,Taxi,Vidyalankar Institute Wadala,Borivali,596
Ola,Premier Sedan,Vidyalankar Institute Wadala,Borivali,646
Ola,SUV,Vidyalankar Institute Wadala,Borivali,903
Uber,XL,Vidyalankar Institute Wadala,Churchgate,440
Uber,Bike,Vidyalankar Institute Wadala,Churchgate,Unavailable for long disance
Uber,Black/Lux,Vidyalankar Institute Wadala,Churchgate,420
Uber,Mini,Vidyalankar Institute Wadala,Churchgate,310
Uber,Taxi,Vidyalankar Institute Wadala,Churchgate,280
Uber ,Premier Sedan,Vidyalankar Institute Wadala,Churchgate,340
Uber,SUV,Vidyalankar Institute Wadala,Churchgate,450
Ola,XL,Vidyalankar Institute Wadala,Churchgate,480
Ola,Bike,Vidyalankar Institute Wadala,Churchgate,Unavailable for long disance
Ola,Black/Lux,Vidyalankar Institute Wadala,Churchgate,400
Ola,Mini,Vidyalankar Institute Wadala,Churchgate,300
Ola,Taxi,Vidyalankar Institute Wadala,Churchgate,291
Ola,Premier Sedan,Vidyalankar Institute Wadala,Churchgate,353
Ola,SUV,Vidyalankar Institute Wadala,Churchgate,489
Uber,XL,Vidyalankar Institute Wadala,Jogeshwari,512
Uber,Bike,Vidyalankar Institute Wadala,Jogeshwari,Unavailable for long disance
Uber,Black/Lux,Vidyalankar Institute Wadala,Jogeshwari,400
Uber,Mini,Vidyalankar Institute Wadala,Jogeshwari,389
Uber,Taxi,Vidyalankar Institute Wadala,Jogeshwari,370
Uber ,Premier Sedan,Vidyalankar Institute Wadala,Jogeshwari,450
Uber,SUV,Vidyalankar Institute Wadala,Jogeshwari,600
Ola,XL,Vidyalankar Institute Wadala,Jogeshwari,500
Ola,Bike,Vidyalankar Institute Wadala,Jogeshwari,Unavailable for long disance
Ola,Black/Lux,Vidyalankar Institute Wadala,Jogeshwari,430
Ola,Mini,Vidyalankar Institute Wadala,Jogeshwari,379
Ola,Taxi,Vidyalankar Institute Wadala,Jogeshwari,381
Ola,Premier Sedan,Vidyalankar Institute Wadala,Jogeshwari,439
Ola,SUV,Vidyalankar Institute Wadala,Jogeshwari,611
Uber,XL,Vidyalankar Institute Wadala,Lower Parel,348
Uber,Bike,Vidyalankar Institute Wadala,Lower Parel,120
Uber,Black/Lux,Vidyalankar Institute Wadala,Lower Parel,300
Uber,Mini,Vidyalankar Institute Wadala,Lower Parel,260
Uber,Taxi,Vidyalankar Institute Wadala,Lower Parel,170
Uber ,Premier Sedan,Vidyalankar Institute Wadala,Lower Parel,280
Uber,SUV,Vidyalankar Institute Wadala,Lower Parel,380
Ola,XL,Vidyalankar Institute Wadala,Lower Parel,336
Ola,Bike,Vidyalankar Institute Wadala,Lower Parel,102
Ola,Black/Lux,Vidyalankar Institute Wadala,Lower Parel,260
Ola,Mini,Vidyalankar Institute Wadala,Lower Parel,243
Ola,Taxi,Vidyalankar Institute Wadala,Lower Parel,150
Ola,Premier Sedan,Vidyalankar Institute Wadala,Lower Parel,296
Ola,SUV,Vidyalankar Institute Wadala,Lower Parel,370
Uber,XL,Vidyalankar Institute Wadala,Seawood Darave,700
Uber,Bike,Vidyalankar Institute Wadala,Seawood Darave,Unavailable for long disance
Uber,Black/Lux,Vidyalankar Institute Wadala,Seawood Darave,605
Uber,Mini,Vidyalankar Institute Wadala,Seawood Darave,523
Uber,Taxi,Vidyalankar Institute Wadala,Seawood Darave,550
Uber ,Premier Sedan,Vidyalankar Institute Wadala,Seawood Darave,583
Uber,SUV,Vidyalankar Institute Wadala,Seawood Darave,803
Ola,XL,Vidyalankar Institute Wadala,Seawood Darave,680
Ola,Bike,Vidyalankar Institute Wadala,Seawood Darave,Unavailable for long disance
Ola,Black/Lux,Vidyalankar Institute Wadala,Seawood Darave,600
Ola,Mini,Vidyalankar Institute Wadala,Seawood Darave,516
Ola,Taxi,Vidyalankar Institute Wadala,Seawood Darave,542
Ola,Premier Sedan,Vidyalankar Institute Wadala,Seawood Darave,570
Ola,SUV,Vidyalankar Institute Wadala,Seawood Darave,795
Uber,XL,Vidyalankar Institute Wadala,Tilaknagar,359
Uber,Bike,Vidyalankar Institute Wadala,Tilaknagar,150
Uber,Black/Lux,Vidyalankar Institute Wadala,Tilaknagar,310
Uber,Mini,Vidyalankar Institute Wadala,Tilaknagar,250
Uber,Taxi,Vidyalankar Institute Wadala,Tilaknagar,200
Uber ,Premier Sedan,Vidyalankar Institute Wadala,Tilaknagar,290
Uber,SUV,Vidyalankar Institute Wadala,Tilaknagar,393
Ola,XL,Vidyalankar Institute Wadala,Tilaknagar,350
Ola,Bike,Vidyalankar Institute Wadala,Tilaknagar,120
Ola,Black/Lux,Vidyalankar Institute Wadala,Tilaknagar,300
Ola,Mini,Vidyalankar Institute Wadala,Tilaknagar,233
Ola,Taxi,Vidyalankar Institute Wadala,Tilaknagar,190
Ola,Premier Sedan,Vidyalankar Institute Wadala,Tilaknagar,281
Ola,SUV,Vidyalankar Institute Wadala,Tilaknagar,387
Uber,XL,Vidyalankar Institute Wadala,Dockyard Road,350
Uber,Bike,Vidyalankar Institute Wadala,Dockyard Road,130
Uber,Black/Lux,Vidyalankar Institute Wadala,Dockyard Road,310
Uber,Mini,Vidyalankar Institute Wadala,Dockyard Road,271
Uber,Taxi,Vidyalankar Institute Wadala,Dockyard Road,250
Uber ,Premier Sedan,Vidyalankar Institute Wadala,Dockyard Road,299
Uber,SUV,Vidyalankar Institute Wadala,Dockyard Road,420
Ola,XL,Vidyalankar Institute Wadala,Dockyard Road,328
Ola,Bike,Vidyalankar Institute Wadala,Dockyard Road,150
Ola,Black/Lux,Vidyalankar Institute Wadala,Dockyard Road,300
Ola,Mini,Vidyalankar Institute Wadala,Dockyard Road,242
Ola,Taxi,Vidyalankar Institute Wadala,Dockyard Road,221
Ola,Premier Sedan,Vidyalankar Institute Wadala,Dockyard Road,289
Ola,SUV,Vidyalankar Institute Wadala,Dockyard Road,400
Uber,XL,Vidyalankar Institute Wadala,Cotton Green,285
Uber,Bike,Vidyalankar Institute Wadala,Cotton Green,87
Uber,Black/Lux,Vidyalankar Institute Wadala,Cotton Green,231
Uber,Mini,Vidyalankar Institute Wadala,Cotton Green,200
Uber,Taxi,Vidyalankar Institute Wadala,Cotton Green,140
Uber ,Premier Sedan,Vidyalankar Institute Wadala,Cotton Green,250
Uber,SUV,Vidyalankar Institute Wadala,Cotton Green,300
Ola,XL,Vidyalankar Institute Wadala,Cotton Green,270
Ola,Bike,Vidyalankar Institute Wadala,Cotton Green,80
Ola,Black/Lux,Vidyalankar Institute Wadala,Cotton Green,215
Ola,Mini,Vidyalankar Institute Wadala,Cotton Green,192
Ola,Taxi,Vidyalankar Institute Wadala,Cotton Green,121
Ola,Premier Sedan,Vidyalankar Institute Wadala,Cotton Green,238
Ola,SUV,Vidyalankar Institute Wadala,Cotton Green,310
Uber,XL,Vidyalankar Institute Wadala,Chembur,319
Uber,Bike,Vidyalankar Institute Wadala,Chembur,109
Uber,Black/Lux,Vidyalankar Institute Wadala,Chembur,294
Uber,Mini,Vidyalankar Institute Wadala,Chembur,194
Uber,Taxi,Vidyalankar Institute Wadala,Chembur,200
Uber ,Premier Sedan Sedan,Vidyalankar Institute Wadala,Chembur,230
Uber,SUV,Vidyalankar Institute Wadala,Chembur,350
Ola,XL,Vidyalankar Institute Wadala,Chembur,300
Ola,Bike,Vidyalankar Institute Wadala,Chembur,100
Ola,Black/Lux,Vidyalankar Institute Wadala,Chembur,280
Ola,Mini,Vidyalankar Institute Wadala,Chembur,170
Ola,Taxi,Vidyalankar Institute Wadala,Chembur,193
Ola,Premier Sedan,Vidyalankar Institute Wadala,Chembur,200
Ola,SUV,Vidyalankar Institute Wadala,Chembur,340
Uber,XL,Vidyalankar Institute Wadala,Juinagar,410
Uber,Bike,Vidyalankar Institute Wadala,Juinagar,Unavailable for long disance
Uber,Black/Lux,Vidyalankar Institute Wadala,Juinagar,390
Uber,Mini,Vidyalankar Institute Wadala,Juinagar,330
Uber,Taxi,Vidyalankar Institute Wadala,Juinagar,450
Uber ,Premier Sedan,Vidyalankar Institute Wadala,Juinagar,360
Uber,SUV,Vidyalankar Institute Wadala,Juinagar,550
Ola,XL,Vidyalankar Institute Wadala,Juinagar,400
Ola,Bike,Vidyalankar Institute Wadala,Juinagar,Unavailable for long disance
Ola,Black/Lux,Vidyalankar Institute Wadala,Juinagar,370
Ola,Mini,Vidyalankar Institute Wadala,Juinagar,305
Ola,Taxi,Vidyalankar Institute Wadala,Juinagar,434
Ola,Premier Sedan,Vidyalankar Institute Wadala,Juinagar,339
Ola,SUV,Vidyalankar Institute Wadala,Juinagar,560
Uber,XL,Vidyalankar Institute Wadala,Santa Cruz,400
Uber,Bike,Vidyalankar Institute Wadala,Santa Cruz,Unavailable for long disance
Uber,Black/Lux,Vidyalankar Institute Wadala,Santa Cruz,350
Uber,Mini,Vidyalankar Institute Wadala,Santa Cruz,280
Uber,Taxi,Vidyalankar Institute Wadala,Santa Cruz,266
Uber ,Premier Sedan,Vidyalankar Institute Wadala,Santa Cruz,310
Uber,SUV,Vidyalankar Institute Wadala,Santa Cruz,450
Ola,XL,Vidyalankar Institute Wadala,Santa Cruz,390
Ola,Bike,Vidyalankar Institute Wadala,Santa Cruz,Unavailable for long disance
Ola,Black/Lux,Vidyalankar Institute Wadala,Santa Cruz,340
Ola,Mini,Vidyalankar Institute Wadala,Santa Cruz,253
Ola,Taxi,Vidyalankar Institute Wadala,Santa Cruz,257
Ola,Premier Sedan,Vidyalankar Institute Wadala,Santa Cruz,299
Ola,SUV,Vidyalankar Institute Wadala,Santa Cruz,431
Uber,XL,Vidyalankar Institute Wadala,Mankhurd,390
Uber,Bike,Vidyalankar Institute Wadala,Mankhurd,Unavailable for long disance
Uber,Black/Lux,Vidyalankar Institute Wadala,Mankhurd,320
Uber,Mini,Vidyalankar Institute Wadala,Mankhurd,250
Uber,Taxi,Vidyalankar Institute Wadala,Mankhurd,260
Uber ,Premier Sedan,Vidyalankar Institute Wadala,Mankhurd,280
Uber,SUV,Vidyalankar Institute Wadala,Mankhurd,400
Ola,XL,Vidyalankar Institute Wadala,Mankhurd,379
Ola,Bike,Vidyalankar Institute Wadala,Mankhurd,Unavailable for long disance
Ola,Black/Lux,Vidyalankar Institute Wadala,Mankhurd,300
Ola,Mini,Vidyalankar Institute Wadala,Mankhurd,226
Ola,Taxi,Vidyalankar Institute Wadala,Mankhurd,240
Ola,Premier Sedan,Vidyalankar Institute Wadala,Mankhurd,268
Ola,SUV,Vidyalankar Institute Wadala,Mankhurd,390
Uber,XL,Vidyalankar Institute Wadala,Nerul,580
Uber,Bike,Vidyalankar Institute Wadala,Nerul,Unavailable for long disance
Uber,Black/Lux,Vidyalankar Institute Wadala,Nerul,480
Uber,Mini,Vidyalankar Institute Wadala,Nerul,390
Uber,Taxi,Vidyalankar Institute Wadala,Nerul,520
Uber ,Premier Sedan,Vidyalankar Institute Wadala,Nerul,450
Uber,SUV,Vidyalankar Institute Wadala,Nerul,680
Ola,XL,Vidyalankar Institute Wadala,Nerul,560
Ola,Bike,Vidyalankar Institute Wadala,Nerul,Unavailable for long disance
Ola,Black/Lux,Vidyalankar Institute Wadala,Nerul,460
Ola,Mini,Vidyalankar Institute Wadala,Nerul,389
Ola,Taxi,Vidyalankar Institute Wadala,Nerul,502
Ola,Premier Sedan,Vidyalankar Institute Wadala,Nerul,430
Ola,SUV,Vidyalankar Institute Wadala,Nerul,620
Uber,XL,Vidyalankar Institute Wadala,Govandi,350
Uber,Bike,Vidyalankar Institute Wadala,Govandi,115
Uber,Black/Lux,Vidyalankar Institute Wadala,Govandi,210
Uber,Mini,Vidyalankar Institute Wadala,Govandi,190
Uber,Taxi,Vidyalankar Institute Wadala,Govandi,200
Uber ,Premier Sedan,Vidyalankar Institute Wadala,Govandi,250
Uber,SUV,Vidyalankar Institute Wadala,Govandi,360
Ola,XL,Vidyalankar Institute Wadala,Govandi,340
Ola,Bike,Vidyalankar Institute Wadala,Govandi,120
Ola,Black/Lux,Vidyalankar Institute Wadala,Govandi,200
Ola,Mini,Vidyalankar Institute Wadala,Govandi,187
Ola,Taxi,Vidyalankar Institute Wadala,Govandi,192
Ola,Premier Sedan,Vidyalankar Institute Wadala,Govandi,224
Ola,SUV,Vidyalankar Institute Wadala,Govandi,338
Uber,XL,Vidyalankar Institute Wadala,Andheri,780
Uber,Bike,Vidyalankar Institute Wadala,Andheri,Unavailable for long disance
Uber,Black/Lux,Vidyalankar Institute Wadala,Andheri,520
Uber,Mini,Vidyalankar Institute Wadala,Andheri,485
Uber,Taxi,Vidyalankar Institute Wadala,Andheri,350
Uber ,Premier Sedan,Vidyalankar Institute Wadala,Andheri,570
Uber,SUV,Vidyalankar Institute Wadala,Andheri,785
Ola,XL,Vidyalankar Institute Wadala,Andheri,750
Ola,Bike,Vidyalankar Institute Wadala,Andheri,Unavailable for long disance
Ola,Black/Lux,Vidyalankar Institute Wadala,Andheri,500
Ola,Mini,Vidyalankar Institute Wadala,Andheri,472
Ola,Taxi,Vidyalankar Institute Wadala,Andheri,334
Ola,Premier Sedan,Vidyalankar Institute Wadala,Andheri,550
Ola,SUV,Vidyalankar Institute Wadala,Andheri,764
Uber,XL,Vidyalankar Institute Wadala,Kings Circle,210
Uber,Bike,Vidyalankar Institute Wadala,Kings Circle,77
Uber,Black/Lux,Vidyalankar Institute Wadala,Kings Circle,190
Uber,Mini,Vidyalankar Institute Wadala,Kings Circle,165
Uber,Taxi,Vidyalankar Institute Wadala,Kings Circle,110
Uber ,Premier Sedan,Vidyalankar Institute Wadala,Kings Circle,200
Uber,SUV,Vidyalankar Institute Wadala,Kings Circle,250
Ola,XL,Vidyalankar Institute Wadala,Kings Circle,200
Ola,Bike,Vidyalankar Institute Wadala,Kings Circle,60
Ola,Black/Lux,Vidyalankar Institute Wadala,Kings Circle,180
Ola,Mini,Vidyalankar Institute Wadala,Kings Circle,157
Ola,Taxi,Vidyalankar Institute Wadala,Kings Circle,100
Ola,Premier Sedan,Vidyalankar Institute Wadala,Kings Circle,177
Ola,SUV,Vidyalankar Institute Wadala,Kings Circle,225
Uber,XL,Vidyalankar Institute Wadala,Mahim ,480
Uber,Bike,Vidyalankar Institute Wadala,Mahim ,107
Uber,Black/Lux,Vidyalankar Institute Wadala,Mahim ,366
Uber,Mini,Vidyalankar Institute Wadala,Mahim ,299
Uber,Taxi,Vidyalankar Institute Wadala,Mahim ,180
Uber ,Premier Sedan,Vidyalankar Institute Wadala,Mahim ,359
Uber,SUV,Vidyalankar Institute Wadala,Mahim ,680
Ola,XL,Vidyalankar Institute Wadala,Mahim ,500
Ola,Bike,Vidyalankar Institute Wadala,Mahim ,120
Ola,Black/Lux,Vidyalankar Institute Wadala,Mahim ,350
Ola,Mini,Vidyalankar Institute Wadala,Mahim ,282
Ola,Taxi,Vidyalankar Institute Wadala,Mahim ,169
Ola,Premier Sedan,Vidyalankar Institute Wadala,Mahim ,343
Ola,SUV,Vidyalankar Institute Wadala,Mahim ,656
Uber,XL,Vidyalankar Institute Wadala,Bandra,750
Uber,Bike,Vidyalankar Institute Wadala,Bandra,120
Uber,Black/Lux,Vidyalankar Institute Wadala,Bandra,539
Uber,Mini,Vidyalankar Institute Wadala,Bandra,350
Uber,Taxi,Vidyalankar Institute Wadala,Bandra,210
Uber ,Premier Sedan,Vidyalankar Institute Wadala,Bandra,420
Uber,SUV,Vidyalankar Institute Wadala,Bandra,717
Ola,XL,Vidyalankar Institute Wadala,Bandra,740
Ola,Bike,Vidyalankar Institute Wadala,Bandra,130
Ola,Black/Lux,Vidyalankar Institute Wadala,Bandra,550
Ola,Mini,Vidyalankar Institute Wadala,Bandra,339
Ola,Taxi,Vidyalankar Institute Wadala,Bandra,199
Ola,Premier Sedan,Vidyalankar Institute Wadala,Bandra,403
Ola,SUV,Vidyalankar Institute Wadala,Bandra,700
Uber,XL,Vidyalankar Institute Wadala,Khar Road,720
Uber,Bike,Vidyalankar Institute Wadala,Khar Road,Unavailable for long disance
Uber,Black/Lux,Vidyalankar Institute Wadala,Khar Road,530
Uber,Mini,Vidyalankar Institute Wadala,Khar Road,400
Uber,Taxi,Vidyalankar Institute Wadala,Khar Road,250
Uber ,Premier Sedan,Vidyalankar Institute Wadala,Khar Road,494
Uber,SUV,Vidyalankar Institute Wadala,Khar Road,780
Ola,XL,Vidyalankar Institute Wadala,Khar Road,730
Ola,Bike,Vidyalankar Institute Wadala,Khar Road,Unavailable for long disance
Ola,Black/Lux,Vidyalankar Institute Wadala,Khar Road,550
Ola,Mini,Vidyalankar Institute Wadala,Khar Road,408
Ola,Taxi,Vidyalankar Institute Wadala,Khar Road,230
Ola,Premier Sedan,Vidyalankar Institute Wadala,Khar Road,485
Ola,SUV,Vidyalankar Institute Wadala,Khar Road,767
Uber,XL,Vidyalankar Institute Wadala,Belapur CBD,1040
Uber,Bike,Vidyalankar Institute Wadala,Belapur CBD,Unavailable for long disance
Uber,Black/Lux,Vidyalankar Institute Wadala,Belapur CBD,890
Uber,Mini,Vidyalankar Institute Wadala,Belapur CBD,680
Uber,Taxi,Vidyalankar Institute Wadala,Belapur CBD,577
Uber ,Premier Sedan,Vidyalankar Institute Wadala,Belapur CBD,750
Uber,SUV,Vidyalankar Institute Wadala,Belapur CBD,1340
Ola,XL,Vidyalankar Institute Wadala,Belapur CBD,1000
Ola,Bike,Vidyalankar Institute Wadala,Belapur CBD,Unavailable for long disance
Ola,Black/Lux,Vidyalankar Institute Wadala,Belapur CBD,860
Ola,Mini,Vidyalankar Institute Wadala,Belapur CBD,671
Ola,Taxi,Vidyalankar Institute Wadala,Belapur CBD,567
Ola,Premier Sedan,Vidyalankar Institute Wadala,Belapur CBD,741
Ola,SUV,Vidyalankar Institute Wadala,Belapur CBD,1352
Uber,XL,Vidyalankar Institute Wadala,Manasarovar,1208
Uber,Bike,Vidyalankar Institute Wadala,Manasarovar,Unavailable for long disance
Uber,Black/Lux,Vidyalankar Institute Wadala,Manasarovar,900
Uber,Mini,Vidyalankar Institute Wadala,Manasarovar,850
Uber,Taxi,Vidyalankar Institute Wadala,Manasarovar,720
Uber ,Premier Sedan,Vidyalankar Institute Wadala,Manasarovar,928
Uber,SUV,Vidyalankar Institute Wadala,Manasarovar,1800
Ola,XL,Vidyalankar Institute Wadala,Manasarovar,1200
Ola,Bike,Vidyalankar Institute Wadala,Manasarovar,Unavailable for long disance
Ola,Black/Lux,Vidyalankar Institute Wadala,Manasarovar,890
Ola,Mini,Vidyalankar Institute Wadala,Manasarovar,827
Ola,Taxi,Vidyalankar Institute Wadala,Manasarovar,704
Ola,Premier Sedan,Vidyalankar Institute Wadala,Manasarovar,912
Ola,SUV,Vidyalankar Institute Wadala,Manasarovar,1773
Uber,XL,Vidyalankar Institute Wadala,GTB Nagar,510
Uber,Bike,Vidyalankar Institute Wadala,GTB Nagar,60
Uber,Black/Lux,Vidyalankar Institute Wadala,GTB Nagar,410
Uber,Mini,Vidyalankar Institute Wadala,GTB Nagar,190
Uber,Taxi,Vidyalankar Institute Wadala,GTB Nagar,80
Uber ,Premier Sedan,Vidyalankar Institute Wadala,GTB Nagar,210
Uber,SUV,Vidyalankar Institute Wadala,GTB Nagar,569
Ola,XL,Vidyalankar Institute Wadala,GTB Nagar,500
Ola,Bike,Vidyalankar Institute Wadala,GTB Nagar,50
Ola,Black/Lux,Vidyalankar Institute Wadala,GTB Nagar,400
Ola,Mini,Vidyalankar Institute Wadala,GTB Nagar,175
Ola,Taxi,Vidyalankar Institute Wadala,GTB Nagar,70
Ola,Premier Sedan,Vidyalankar Institute Wadala,GTB Nagar,199
Ola,SUV,Vidyalankar Institute Wadala,GTB Nagar,550
Uber,XL,Vidyalankar Institute Wadala,Marine Lines,820
Uber,Bike,Vidyalankar Institute Wadala,Marine Lines,Unavailable for long disance
Uber,Black/Lux,Vidyalankar Institute Wadala,Marine Lines,520
Uber,Mini,Vidyalankar Institute Wadala,Marine Lines,430
Uber,Taxi,Vidyalankar Institute Wadala,Marine Lines,210
Uber ,Premier Sedan,Vidyalankar Institute Wadala,Marine Lines,480
Uber,SUV,Vidyalankar Institute Wadala,Marine Lines,930
Ola,XL,Vidyalankar Institute Wadala,Marine Lines,800
Ola,Bike,Vidyalankar Institute Wadala,Marine Lines,Unavailable for long disance
Ola,Black/Lux,Vidyalankar Institute Wadala,Marine Lines,500
Ola,Mini,Vidyalankar Institute Wadala,Marine Lines,405
Ola,Taxi,Vidyalankar Institute Wadala,Marine Lines,278
Ola,Premier Sedan,Vidyalankar Institute Wadala,Marine Lines,467
Ola,SUV,Vidyalankar Institute Wadala,Marine Lines,918
Uber,XL,Vidyalankar Institute Wadala,Charni Road,340
Uber,Bike,Vidyalankar Institute Wadala,Charni Road,Unavailable for long disance
Uber,Black/Lux,Vidyalankar Institute Wadala,Charni Road,320
Uber,Mini,Vidyalankar Institute Wadala,Charni Road,250
Uber,Taxi,Vidyalankar Institute Wadala,Charni Road,300
Uber ,Premier Sedan,Vidyalankar Institute Wadala,Charni Road,280
Uber,SUV,Vidyalankar Institute Wadala,Charni Road,380
Ola,XL,Vidyalankar Institute Wadala,Charni Road,320
Ola,Bike,Vidyalankar Institute Wadala,Charni Road,Unavailable for long disance
Ola,Black/Lux,Vidyalankar Institute Wadala,Charni Road,300
Ola,Mini,Vidyalankar Institute Wadala,Charni Road,221
Ola,Taxi,Vidyalankar Institute Wadala,Charni Road,295
Ola,Premier Sedan,Vidyalankar Institute Wadala,Charni Road,260
Ola,SUV,Vidyalankar Institute Wadala,Charni Road,361
Uber,XL,Vidyalankar Institute Wadala,Dahisar,1020
Uber,Bike,Vidyalankar Institute Wadala,Dahisar,Unavailable for long disance
Uber,Black/Lux,Vidyalankar Institute Wadala,Dahisar,920
Uber,Mini,Vidyalankar Institute Wadala,Dahisar,840
Uber,Taxi,Vidyalankar Institute Wadala,Dahisar,680
Uber ,Premier Sedan,Vidyalankar Institute Wadala,Dahisar,900
Uber,SUV,Vidyalankar Institute Wadala,Dahisar,1440
Ola,XL,Vidyalankar Institute Wadala,Dahisar,1000
Ola,Bike,Vidyalankar Institute Wadala,Dahisar,Unavailable for long disance
Ola,Black/Lux,Vidyalankar Institute Wadala,Dahisar,899
Ola,Mini,Vidyalankar Institute Wadala,Dahisar,815
Ola,Taxi,Vidyalankar Institute Wadala,Dahisar,662
Ola,Premier Sedan,Vidyalankar Institute Wadala,Dahisar,898
Ola,SUV,Vidyalankar Institute Wadala,Dahisar,1313
Uber,XL,Vidyalankar Institute Wadala,Grant road,370
Uber,Bike,Vidyalankar Institute Wadala,Grant road,Unavailable for long disance
Uber,Black/Lux,Vidyalankar Institute Wadala,Grant road,320
Uber,Mini,Vidyalankar Institute Wadala,Grant road,270
Uber,Taxi,Vidyalankar Institute Wadala,Grant road,270
Uber ,Premier Sedan,Vidyalankar Institute Wadala,Grant road,310
Uber,SUV,Vidyalankar Institute Wadala,Grant road,380
Ola,XL,Vidyalankar Institute Wadala,Grant road,340
Ola,Bike,Vidyalankar Institute Wadala,Grant road,Unavailable for long disance
Ola,Black/Lux,Vidyalankar Institute Wadala,Grant road,300
Ola,Mini,Vidyalankar Institute Wadala,Grant road,239
Ola,Taxi,Vidyalankar Institute Wadala,Grant road,250
Ola,Premier Sedan,Vidyalankar Institute Wadala,Grant road,299
Ola,SUV,Vidyalankar Institute Wadala,Grant road,358
Uber,XL,Vidyalankar Institute Wadala,Mumbai Central,370
Uber,Bike,Vidyalankar Institute Wadala,Mumbai Central,Unavailable for long disance
Uber,Black/Lux,Vidyalankar Institute Wadala,Mumbai Central,300
Uber,Mini,Vidyalankar Institute Wadala,Mumbai Central,230
Uber,Taxi,Vidyalankar Institute Wadala,Mumbai Central,299
Uber ,Premier Sedan,Vidyalankar Institute Wadala,Mumbai Central,310
Uber,SUV,Vidyalankar Institute Wadala,Mumbai Central,367
Ola,XL,Vidyalankar Institute Wadala,Mumbai Central,330
Ola,Bike,Vidyalankar Institute Wadala,Mumbai Central,Unavailable for long disance
Ola,Black/Lux,Vidyalankar Institute Wadala,Mumbai Central,280
Ola,Mini,Vidyalankar Institute Wadala,Mumbai Central,216
Ola,Taxi,Vidyalankar Institute Wadala,Mumbai Central,291
Ola,Premier Sedan,Vidyalankar Institute Wadala,Mumbai Central,255
Ola,SUV,Vidyalankar Institute Wadala,Mumbai Central,353
Uber,XL,Vidyalankar Institute Wadala,Mahalakshmi,690
Uber,Bike,Vidyalankar Institute Wadala,Mahalakshmi,148
Uber,Black/Lux,Vidyalankar Institute Wadala,Mahalakshmi,500
Uber,Mini,Vidyalankar Institute Wadala,Mahalakshmi,347
Uber,Taxi,Vidyalankar Institute Wadala,Mahalakshmi,210
Uber ,Premier Sedan,Vidyalankar Institute Wadala,Mahalakshmi,416
Uber,SUV,Vidyalankar Institute Wadala,Mahalakshmi,690
Ola,XL,Vidyalankar Institute Wadala,Mahalakshmi,640
Ola,Bike,Vidyalankar Institute Wadala,Mahalakshmi,133
Ola,Black/Lux,Vidyalankar Institute Wadala,Mahalakshmi,490
Ola,Mini,Vidyalankar Institute Wadala,Mahalakshmi,335
Ola,Taxi,Vidyalankar Institute Wadala,Mahalakshmi,199
Ola,Premier Sedan,Vidyalankar Institute Wadala,Mahalakshmi,401
Ola,SUV,Vidyalankar Institute Wadala,Mahalakshmi,681
Uber,XL,Vidyalankar Institute Wadala,Malad,1070
Uber,Bike,Vidyalankar Institute Wadala,Malad,360
Uber,Black/Lux,Vidyalankar Institute Wadala,Malad,910
Uber,Mini,Vidyalankar Institute Wadala,Malad,690
Uber,Taxi,Vidyalankar Institute Wadala,Malad,550
Uber ,Premier Sedan,Vidyalankar Institute Wadala,Malad,760
Uber,SUV,Vidyalankar Institute Wadala,Malad,1150
Ola,XL,Vidyalankar Institute Wadala,Malad,1000
Ola,Bike,Vidyalankar Institute Wadala,Malad,344
Ola,Black/Lux,Vidyalankar Institute Wadala,Malad,900
Ola,Mini,Vidyalankar Institute Wadala,Malad,676
Ola,Taxi,Vidyalankar Institute Wadala,Malad,521
Ola,Premier Sedan,Vidyalankar Institute Wadala,Malad,747
Ola,SUV,Vidyalankar Institute Wadala,Malad,1135
Uber,XL,Vidyalankar Institute Wadala,Kandivali,1320
Uber,Bike,Vidyalankar Institute Wadala,Kandivali,Unavailable for long disance
Uber,Black/Lux,Vidyalankar Institute Wadala,Kandivali,920
Uber,Mini,Vidyalankar Institute Wadala,Kandivali,800
Uber,Taxi,Vidyalankar Institute Wadala,Kandivali,580
Uber ,Premier Sedan,Vidyalankar Institute Wadala,Kandivali,890
Uber,SUV,Vidyalankar Institute Wadala,Kandivali,1520
Ola,XL,Vidyalankar Institute Wadala,Kandivali,1300
Ola,Bike,Vidyalankar Institute Wadala,Kandivali,Unavailable for long disance
Ola,Black/Lux,Vidyalankar Institute Wadala,Kandivali,900
Ola,Mini,Vidyalankar Institute Wadala,Kandivali,790
Ola,Taxi,Vidyalankar Institute Wadala,Kandivali,558
Ola,Premier Sedan,Vidyalankar Institute Wadala,Kandivali,872
Ola,SUV,Vidyalankar Institute Wadala,Kandivali,1537
Uber,XL,Vidyalankar Institute Wadala,Mira Road,1500
Uber,Bike,Vidyalankar Institute Wadala,Mira Road,Unavailable for long disance
Uber,Black/Lux,Vidyalankar Institute Wadala,Mira Road,1000
Uber,Mini,Vidyalankar Institute Wadala,Mira Road,920
Uber,Taxi,Vidyalankar Institute Wadala,Mira Road,800
Uber ,Premier Sedan,Vidyalankar Institute Wadala,Mira Road,1020
Uber,SUV,Vidyalankar Institute Wadala,Mira Road,1899
Ola,XL,Vidyalankar Institute Wadala,Mira Road,1400
Ola,Bike,Vidyalankar Institute Wadala,Mira Road,Unavailable for long disance
Ola,Black/Lux,Vidyalankar Institute Wadala,Mira Road,990
Ola,Mini,Vidyalankar Institute Wadala,Mira Road,901
Ola,Taxi,Vidyalankar Institute Wadala,Mira Road,742
Ola,Premier Sedan,Vidyalankar Institute Wadala,Mira Road,1002
Ola,SUV,Vidyalankar Institute Wadala,Mira Road,1863
Uber,XL,Vidyalankar Institute Wadala,Bhayandar,1700
Uber,Bike,Vidyalankar Institute Wadala,Bhayandar,Unavailable for long disance
Uber,Black/Lux,Vidyalankar Institute Wadala,Bhayandar,1600
Uber,Mini,Vidyalankar Institute Wadala,Bhayandar,1090
Uber,Taxi,Vidyalankar Institute Wadala,Bhayandar,899
Uber ,Premier Sedan,Vidyalankar Institute Wadala,Bhayandar,1248
Uber,SUV,Vidyalankar Institute Wadala,Bhayandar,2000
Ola,XL,Vidyalankar Institute Wadala,Bhayandar,1500
Ola,Bike,Vidyalankar Institute Wadala,Bhayandar,Unavailable for long disance
Ola,Black/Lux,Vidyalankar Institute Wadala,Bhayandar,1300
Ola,Mini,Vidyalankar Institute Wadala,Bhayandar,1017
Ola,Taxi,Vidyalankar Institute Wadala,Bhayandar,832
Ola,Premier Sedan,Vidyalankar Institute Wadala,Bhayandar,1130
Ola,SUV,Vidyalankar Institute Wadala,Bhayandar,1905
Uber,XL,Vidyalankar Institute Wadala,Vasai Road,1600
Uber,Bike,Vidyalankar Institute Wadala,Vasai Road,Unavailable for long disance
Uber,Black/Lux,Vidyalankar Institute Wadala,Vasai Road,1400
Uber,Mini,Vidyalankar Institute Wadala,Vasai Road,1200
Uber,Taxi,Vidyalankar Institute Wadala,Vasai Road,Unavailable for long disance
Uber ,Premier Sedan,Vidyalankar Institute Wadala,Vasai Road,1440
Uber,SUV,Vidyalankar Institute Wadala,Vasai Road,1699
Ola,XL,Vidyalankar Institute Wadala,Vasai Road,1500
Ola,Bike,Vidyalankar Institute Wadala,Vasai Road,Unavailable for long disance
Ola,Black/Lux,Vidyalankar Institute Wadala,Vasai Road,1300
Ola,Mini,Vidyalankar Institute Wadala,Vasai Road,1131
Ola,Taxi,Vidyalankar Institute Wadala,Vasai Road,Unavailable for long disance
Ola,Premier Sedan,Vidyalankar Institute Wadala,Vasai Road,1414
Ola,SUV,Vidyalankar Institute Wadala,Vasai Road,1662
Uber,XL,Vidyalankar Institute Wadala,Virar,1888
Uber,Bike,Vidyalankar Institute Wadala,Virar,Unavailable for long disance
Uber,Black/Lux,Vidyalankar Institute Wadala,Virar,1570
Uber,Mini,Vidyalankar Institute Wadala,Virar,1230
Uber,Taxi,Vidyalankar Institute Wadala,Virar,Unavailable for long disance
Uber ,Premier Sedan,Vidyalankar Institute Wadala,Virar,1558
Uber,SUV,Vidyalankar Institute Wadala,Virar,1950
Ola,XL,Vidyalankar Institute Wadala,Virar,1800
Ola,Bike,Vidyalankar Institute Wadala,Virar,Unavailable for long disance
Ola,Black/Lux,Vidyalankar Institute Wadala,Virar,1500
Ola,Mini,Vidyalankar Institute Wadala,Virar,1214
Ola,Taxi,Vidyalankar Institute Wadala,Virar,Unavailable for long disance
Ola,Premier Sedan,Vidyalankar Institute Wadala,Virar,1544
Ola,SUV,Vidyalankar Institute Wadala,Virar,1933
Uber,XL,Vidyalankar Institute Wadala,Worli,670
Uber,Bike,Vidyalankar Institute Wadala,Worli,150
Uber,Black/Lux,Vidyalankar Institute Wadala,Worli,510
Uber,Mini,Vidyalankar Institute Wadala,Worli,370
Uber,Taxi,Vidyalankar Institute Wadala,Worli,230
Uber ,Premier Sedan,Vidyalankar Institute Wadala,Worli,480
Uber,SUV,Vidyalankar Institute Wadala,Worli,799
Ola,XL,Vidyalankar Institute Wadala,Worli,650
Ola,Bike,Vidyalankar Institute Wadala,Worli,140
Ola,Black/Lux,Vidyalankar Institute Wadala,Worli,500
Ola,Mini,Vidyalankar Institute Wadala,Worli,359
Ola,Taxi,Vidyalankar Institute Wadala,Worli,205
Ola,Premier Sedan,Vidyalankar Institute Wadala,Worli,429
Ola,SUV,Vidyalankar Institute Wadala,Worli,784
Uber,XL,Vidyalankar Institute Wadala,Goregaon,760
Uber,Bike,Vidyalankar Institute Wadala,Goregaon,Unavailable for long disance
Uber,Black/Lux,Vidyalankar Institute Wadala,Goregaon,700
Uber,Mini,Vidyalankar Institute Wadala,Goregaon,599
Uber,Taxi,Vidyalankar Institute Wadala,Goregaon,570
Uber ,Premier Sedan,Vidyalankar Institute Wadala,Goregaon,660
Uber,SUV,Vidyalankar Institute Wadala,Goregaon,900
Ola,XL,Vidyalankar Institute Wadala,Goregaon,750
Ola,Bike,Vidyalankar Institute Wadala,Goregaon,Unavailable for long disance
Ola,Black/Lux,Vidyalankar Institute Wadala,Goregaon,700
Ola,Mini,Vidyalankar Institute Wadala,Goregaon,580
Ola,Taxi,Vidyalankar Institute Wadala,Goregaon,559
Ola,Premier Sedan,Vidyalankar Institute Wadala,Goregaon,644
Ola,SUV,Vidyalankar Institute Wadala,Goregaon,896
Uber,XL,Vidyalankar Institute Wadala,CSMT,520
Uber,Bike,Vidyalankar Institute Wadala,CSMT,Unavailable for long disance
Uber,Black/Lux,Vidyalankar Institute Wadala,CSMT,420
Uber,Mini,Vidyalankar Institute Wadala,CSMT,377
Uber,Taxi,Vidyalankar Institute Wadala,CSMT,330
Uber ,Premier Sedan,Vidyalankar Institute Wadala,CSMT,450
Uber,SUV,Vidyalankar Institute Wadala,CSMT,560
Ola,XL,Vidyalankar Institute Wadala,CSMT,500
Ola,Bike,Vidyalankar Institute Wadala,CSMT,Unavailable for long disance
Ola,Black/Lux,Vidyalankar Institute Wadala,CSMT,400
Ola,Mini,Vidyalankar Institute Wadala,CSMT,363
Ola,Taxi,Vidyalankar Institute Wadala,CSMT,317
Ola,Premier Sedan,Vidyalankar Institute Wadala,CSMT,430
Ola,SUV,Vidyalankar Institute Wadala,CSMT,541
Uber,XL,Vidyalankar Institute Wadala,Ram Mandir,710
Uber,Bike,Vidyalankar Institute Wadala,Ram Mandir,Unavailable for long disance
Uber,Black/Lux,Vidyalankar Institute Wadala,Ram Mandir,515
Uber,Mini,Vidyalankar Institute Wadala,Ram Mandir,510
Uber,Taxi,Vidyalankar Institute Wadala,Ram Mandir,540
Uber ,Premier Sedan,Vidyalankar Institute Wadala,Ram Mandir,585
Uber,SUV,Vidyalankar Institute Wadala,Ram Mandir,810
Ola,XL,Vidyalankar Institute Wadala,Ram Mandir,700
Ola,Bike,Vidyalankar Institute Wadala,Ram Mandir,Unavailable for long disance
Ola,Black/Lux,Vidyalankar Institute Wadala,Ram Mandir,500
Ola,Mini,Vidyalankar Institute Wadala,Ram Mandir,497
Ola,Taxi,Vidyalankar Institute Wadala,Ram Mandir,520
Ola,Premier Sedan,Vidyalankar Institute Wadala,Ram Mandir,573
Ola,SUV,Vidyalankar Institute Wadala,Ram Mandir,797
Uber,XL,Vidyalankar Institute Wadala,Vile Parle,610
Uber,Bike,Vidyalankar Institute Wadala,Vile Parle,Unavailable for long disance
Uber,Black/Lux,Vidyalankar Institute Wadala,Vile Parle,510
Uber,Mini,Vidyalankar Institute Wadala,Vile Parle,397
Uber,Taxi,Vidyalankar Institute Wadala,Vile Parle,360
Uber ,Premier Sedan,Vidyalankar Institute Wadala,Vile Parle,480
Uber,SUV,Vidyalankar Institute Wadala,Vile Parle,650
Ola,XL,Vidyalankar Institute Wadala,Vile Parle,600
Ola,Bike,Vidyalankar Institute Wadala,Vile Parle,Unavailable for long disance
Ola,Black/Lux,Vidyalankar Institute Wadala,Vile Parle,500
Ola,Mini,Vidyalankar Institute Wadala,Vile Parle,388
Ola,Taxi,Vidyalankar Institute Wadala,Vile Parle,346
Ola,Premier Sedan,Vidyalankar Institute Wadala,Vile Parle,457
Ola,SUV,Vidyalankar Institute Wadala,Vile Parle,634
Uber,XL,Vidyalankar Institute Wadala,Byculla,430
Uber,Bike,Vidyalankar Institute Wadala,Byculla,130
Uber,Black/Lux,Vidyalankar Institute Wadala,Byculla,360
Uber,Mini,Vidyalankar Institute Wadala,Byculla,297
Uber,Taxi,Vidyalankar Institute Wadala,Byculla,236
Uber ,Premier Sedan,Vidyalankar Institute Wadala,Byculla,360
Uber,SUV,Vidyalankar Institute Wadala,Byculla,490
Ola,XL,Vidyalankar Institute Wadala,Byculla,420
Ola,Bike,Vidyalankar Institute Wadala,Byculla,120
Ola,Black/Lux,Vidyalankar Institute Wadala,Byculla,350
Ola,Mini,Vidyalankar Institute Wadala,Byculla,285
Ola,Taxi,Vidyalankar Institute Wadala,Byculla,224
Ola,Premier Sedan,Vidyalankar Institute Wadala,Byculla,344
Ola,SUV,Vidyalankar Institute Wadala,Byculla,474
Uber,XL,Vidyalankar Institute Wadala,Currey road,315
Uber,Bike,Vidyalankar Institute Wadala,Currey road,105
Uber,Black/Lux,Vidyalankar Institute Wadala,Currey road,270
Uber,Mini,Vidyalankar Institute Wadala,Currey road,250
Uber,Taxi,Vidyalankar Institute Wadala,Currey road,190
Uber ,Premier Sedan,Vidyalankar Institute Wadala,Currey road,290
Uber,SUV,Vidyalankar Institute Wadala,Currey road,390
Ola,XL,Vidyalankar Institute Wadala,Currey road,300
Ola,Bike,Vidyalankar Institute Wadala,Currey road,97
Ola,Black/Lux,Vidyalankar Institute Wadala,Currey road,240
Ola,Mini,Vidyalankar Institute Wadala,Currey road,231
Ola,Taxi,Vidyalankar Institute Wadala,Currey road,180
Ola,Premier Sedan,Vidyalankar Institute Wadala,Currey road,283
Ola,SUV,Vidyalankar Institute Wadala,Currey road,389
Uber,XL,Vidyalankar Institute Wadala,Kalva,730
Uber,Bike,Vidyalankar Institute Wadala,Kalva,Unavailable for long disance
Uber,Black/Lux,Vidyalankar Institute Wadala,Kalva,570
Uber,Mini,Vidyalankar Institute Wadala,Kalva,380
Uber,Taxi,Vidyalankar Institute Wadala,Kalva,680
Uber ,Premier Sedan,Vidyalankar Institute Wadala,Kalva,430
Uber,SUV,Vidyalankar Institute Wadala,Kalva,750
Ola,XL,Vidyalankar Institute Wadala,Kalva,700
Ola,Bike,Vidyalankar Institute Wadala,Kalva,Unavailable for long disance
Ola,Black/Lux,Vidyalankar Institute Wadala,Kalva,550
Ola,Mini,Vidyalankar Institute Wadala,Kalva,367
Ola,Taxi,Vidyalankar Institute Wadala,Kalva,661
Ola,Premier Sedan,Vidyalankar Institute Wadala,Kalva,405
Ola,SUV,Vidyalankar Institute Wadala,Kalva,733
Uber,XL,Vidyalankar Institute Wadala,Mumbra,719
Uber,Bike,Vidyalankar Institute Wadala,Mumbra,Unavailable for long disance
Uber,Black/Lux,Vidyalankar Institute Wadala,Mumbra,590
Uber,Mini,Vidyalankar Institute Wadala,Mumbra,410
Uber,Taxi,Vidyalankar Institute Wadala,Mumbra,610
Uber ,Premier Sedan,Vidyalankar Institute Wadala,Mumbra,450
Uber,SUV,Vidyalankar Institute Wadala,Mumbra,809
Ola,XL,Vidyalankar Institute Wadala,Mumbra,700
Ola,Bike,Vidyalankar Institute Wadala,Mumbra,Unavailable for long disance
Ola,Black/Lux,Vidyalankar Institute Wadala,Mumbra,560
Ola,Mini,Vidyalankar Institute Wadala,Mumbra,390
Ola,Taxi,Vidyalankar Institute Wadala,Mumbra,600
Ola,Premier Sedan,Vidyalankar Institute Wadala,Mumbra,430
Ola,SUV,Vidyalankar Institute Wadala,Mumbra,798
Uber,XL,Vidyalankar Institute Wadala,Thakurli,920
Uber,Bike,Vidyalankar Institute Wadala,Thakurli,Unavailable for long disance
Uber,Black/Lux,Vidyalankar Institute Wadala,Thakurli,780
Uber,Mini,Vidyalankar Institute Wadala,Thakurli,450
Uber,Taxi,Vidyalankar Institute Wadala,Thakurli,925
Uber ,Premier Sedan,Vidyalankar Institute Wadala,Thakurli,480
Uber,SUV,Vidyalankar Institute Wadala,Thakurli,1000
Ola,XL,Vidyalankar Institute Wadala,Thakurli,900
Ola,Bike,Vidyalankar Institute Wadala,Thakurli,Unavailable for long disance
Ola,Black/Lux,Vidyalankar Institute Wadala,Thakurli,750
Ola,Mini,Vidyalankar Institute Wadala,Thakurli,432
Ola,Taxi,Vidyalankar Institute Wadala,Thakurli,913
Ola,Premier Sedan,Vidyalankar Institute Wadala,Thakurli,475
Ola,SUV,Vidyalankar Institute Wadala,Thakurli,979
Uber,XL,Vidyalankar Institute Wadala,Vithalwadi,1500
Uber,Bike,Vidyalankar Institute Wadala,Vithalwadi,Unavailable for long disance
Uber,Black/Lux,Vidyalankar Institute Wadala,Vithalwadi,1220
Uber,Mini,Vidyalankar Institute Wadala,Vithalwadi,660
Uber,Taxi,Vidyalankar Institute Wadala,Vithalwadi,1090
Uber ,Premier Sedan,Vidyalankar Institute Wadala,Vithalwadi,820
Uber,SUV,Vidyalankar Institute Wadala,Vithalwadi,1570
Ola,XL,Vidyalankar Institute Wadala,Vithalwadi,1400
Ola,Bike,Vidyalankar Institute Wadala,Vithalwadi,Unavailable for long disance
Ola,Black/Lux,Vidyalankar Institute Wadala,Vithalwadi,1200
Ola,Mini,Vidyalankar Institute Wadala,Vithalwadi,639
Ola,Taxi,Vidyalankar Institute Wadala,Vithalwadi,1062
Ola,Premier Sedan,Vidyalankar Institute Wadala,Vithalwadi,802
Ola,SUV,Vidyalankar Institute Wadala,Vithalwadi,1551
Uber,XL,Vidyalankar Institute Wadala,Sewri,220
Uber,Bike,Vidyalankar Institute Wadala,Sewri,49
Uber,Black/Lux,Vidyalankar Institute Wadala,Sewri,210
Uber,Mini,Vidyalankar Institute Wadala,Sewri,160
Uber,Taxi,Vidyalankar Institute Wadala,Sewri,89
Uber ,Premier Sedan,Vidyalankar Institute Wadala,Sewri,180
Uber,SUV,Vidyalankar Institute Wadala,Sewri,260
Ola,XL,Vidyalankar Institute Wadala,Sewri,229
Ola,Bike,Vidyalankar Institute Wadala,Sewri,40
Ola,Black/Lux,Vidyalankar Institute Wadala,Sewri,190
Ola,Mini,Vidyalankar Institute Wadala,Sewri,145
Ola,Taxi,Vidyalankar Institute Wadala,Sewri,78
Ola,Premier Sedan,Vidyalankar Institute Wadala,Sewri,163
Ola,SUV,Vidyalankar Institute Wadala,Sewri,248
Uber,XL,Vidyalankar Institute Wadala,Masjid,340
Uber,Bike,Vidyalankar Institute Wadala,Masjid,Unavailable for long disance
Uber,Black/Lux,Vidyalankar Institute Wadala,Masjid,280
Uber,Mini,Vidyalankar Institute Wadala,Masjid,180
Uber,Taxi,Vidyalankar Institute Wadala,Masjid,250
Uber ,Premier Sedan,Vidyalankar Institute Wadala,Masjid,187
Uber,SUV,Vidyalankar Institute Wadala,Masjid,370
Ola,XL,Vidyalankar Institute Wadala,Masjid,320
Ola,Bike,Vidyalankar Institute Wadala,Masjid,Unavailable for long disance
Ola,Black/Lux,Vidyalankar Institute Wadala,Masjid,250
Ola,Mini,Vidyalankar Institute Wadala,Masjid,150
Ola,Taxi,Vidyalankar Institute Wadala,Masjid,229
Ola,Premier Sedan,Vidyalankar Institute Wadala,Masjid,174
Ola,SUV,Vidyalankar Institute Wadala,Masjid,352
Uber,XL,Vidyalankar Institute Wadala,Vidyavihar,320
Uber,Bike,Vidyalankar Institute Wadala,Vidyavihar,Unavailable for long disance
Uber,Black/Lux,Vidyalankar Institute Wadala,Vidyavihar,260
Uber,Mini,Vidyalankar Institute Wadala,Vidyavihar,200
Uber,Taxi,Vidyalankar Institute Wadala,Vidyavihar,268
Uber ,Premier Sedan,Vidyalankar Institute Wadala,Vidyavihar,247
Uber,SUV,Vidyalankar Institute Wadala,Vidyavihar,328
Ola,XL,Vidyalankar Institute Wadala,Vidyavihar,300
Ola,Bike,Vidyalankar Institute Wadala,Vidyavihar,Unavailable for long disance
Ola,Black/Lux,Vidyalankar Institute Wadala,Vidyavihar,250
Ola,Mini,Vidyalankar Institute Wadala,Vidyavihar,193
Ola,Taxi,Vidyalankar Institute Wadala,Vidyavihar,256
Ola,Premier Sedan,Vidyalankar Institute Wadala,Vidyavihar,230
Ola,SUV,Vidyalankar Institute Wadala,Vidyavihar,318
Uber,XL,Vidyalankar Institute Wadala,Kharghar,620
Uber,Bike,Vidyalankar Institute Wadala,Kharghar,Unavailable for long disance
Uber,Black/Lux,Vidyalankar Institute Wadala,Kharghar,580
Uber,Mini,Vidyalankar Institute Wadala,Kharghar,338
Uber,Taxi,Vidyalankar Institute Wadala,Kharghar,584
Uber ,Premier Sedan,Vidyalankar Institute Wadala,Kharghar,419
Uber,SUV,Vidyalankar Institute Wadala,Kharghar,680
Ola,XL,Vidyalankar Institute Wadala,Kharghar,610
Ola,Bike,Vidyalankar Institute Wadala,Kharghar,Unavailable for long disance
Ola,Black/Lux,Vidyalankar Institute Wadala,Kharghar,550
Ola,Mini,Vidyalankar Institute Wadala,Kharghar,326
Ola,Taxi,Vidyalankar Institute Wadala,Kharghar,577
Ola,Premier Sedan,Vidyalankar Institute Wadala,Kharghar,400
Ola,SUV,Vidyalankar Institute Wadala,Kharghar,650
Uber,XL,Vidyalankar Institute Wadala,Khandeshwar ,717
Uber,Bike,Vidyalankar Institute Wadala,Khandeshwar ,Unavailable for long disance
Uber,Black/Lux,Vidyalankar Institute Wadala,Khandeshwar ,660
Uber,Mini,Vidyalankar Institute Wadala,Khandeshwar ,359
Uber,Taxi,Vidyalankar Institute Wadala,Khandeshwar ,728
Uber ,Premier Sedan,Vidyalankar Institute Wadala,Khandeshwar ,460
Uber,SUV,Vidyalankar Institute Wadala,Khandeshwar ,790
Ola,XL,Vidyalankar Institute Wadala,Khandeshwar ,700
Ola,Bike,Vidyalankar Institute Wadala,Khandeshwar ,Unavailable for long disance
Ola,Black/Lux,Vidyalankar Institute Wadala,Khandeshwar ,650
Ola,Mini,Vidyalankar Institute Wadala,Khandeshwar ,345
Ola,Taxi,Vidyalankar Institute Wadala,Khandeshwar ,714
Ola,Premier Sedan,Vidyalankar Institute Wadala,Khandeshwar ,442
Ola,SUV,Vidyalankar Institute Wadala,Khandeshwar ,780
Uber,XL,Vidyalankar Institute Wadala,Versova,440
Uber,Bike,Vidyalankar Institute Wadala,Versova,Unavailable for long disance
Uber,Black/Lux,Vidyalankar Institute Wadala,Versova,380
Uber,Mini,Vidyalankar Institute Wadala,Versova,310
Uber,Taxi,Vidyalankar Institute Wadala,Versova,375
Uber ,Premier Sedan,Vidyalankar Institute Wadala,Versova,359
Uber,SUV,Vidyalankar Institute Wadala,Versova,500
Ola,XL,Vidyalankar Institute Wadala,Versova,420
Ola,Bike,Vidyalankar Institute Wadala,Versova,Unavailable for long disance
Ola,Black/Lux,Vidyalankar Institute Wadala,Versova,370
Ola,Mini,Vidyalankar Institute Wadala,Versova,300
Ola,Taxi,Vidyalankar Institute Wadala,Versova,363
Ola,Premier Sedan,Vidyalankar Institute Wadala,Versova,348
Ola,SUV,Vidyalankar Institute Wadala,Versova,493
Uber,XL,Vidyalankar Institute Wadala,Powai,520
Uber,Bike,Vidyalankar Institute Wadala,Powai,Unavailable for long disance
Uber,Black/Lux,Vidyalankar Institute Wadala,Powai,480
Uber,Mini,Vidyalankar Institute Wadala,Powai,250
Uber,Taxi,Vidyalankar Institute Wadala,Powai,436
Uber ,Premier Sedan,Vidyalankar Institute Wadala,Powai,310
Uber,SUV,Vidyalankar Institute Wadala,Powai,530
Ola,XL,Vidyalankar Institute Wadala,Powai,500
Ola,Bike,Vidyalankar Institute Wadala,Powai,Unavailable for long disance
Ola,Black/Lux,Vidyalankar Institute Wadala,Powai,450
Ola,Mini,Vidyalankar Institute Wadala,Powai,236
Ola,Taxi,Vidyalankar Institute Wadala,Powai,444
Ola,Premier Sedan,Vidyalankar Institute Wadala,Powai,300
Ola,SUV,Vidyalankar Institute Wadala,Powai,536
Uber,XL,Vidyalankar Institute Wadala,Chinchpokali,270
Uber,Bike,Vidyalankar Institute Wadala,Chinchpokali,80
Uber,Black/Lux,Vidyalankar Institute Wadala,Chinchpokali,210
Uber,Mini,Vidyalankar Institute Wadala,Chinchpokali,150
Uber,Taxi,Vidyalankar Institute Wadala,Chinchpokali,170
Uber ,Premier Sedan,Vidyalankar Institute Wadala,Chinchpokali,180
Uber,SUV,Vidyalankar Institute Wadala,Chinchpokali,300
Ola,XL,Vidyalankar Institute Wadala,Chinchpokali,240
Ola,Bike,Vidyalankar Institute Wadala,Chinchpokali,70
Ola,Black/Lux,Vidyalankar Institute Wadala,Chinchpokali,190
Ola,Mini,Vidyalankar Institute Wadala,Chinchpokali,125
Ola,Taxi,Vidyalankar Institute Wadala,Chinchpokali,158
Ola,Premier Sedan,Vidyalankar Institute Wadala,Chinchpokali,174
Ola,SUV,Vidyalankar Institute Wadala,Chinchpokali,289
Uber,XL,Vidyalankar Institute Wadala,Saki Naka,360
Uber,Bike,Vidyalankar Institute Wadala,Saki Naka,Unavailable for long disance
Uber,Black/Lux,Vidyalankar Institute Wadala,Saki Naka,300
Uber,Mini,Vidyalankar Institute Wadala,Saki Naka,250
Uber,Taxi,Vidyalankar Institute Wadala,Saki Naka,390
Uber ,Premier Sedan,Vidyalankar Institute Wadala,Saki Naka,340
Uber,SUV,Vidyalankar Institute Wadala,Saki Naka,360
Ola,XL,Vidyalankar Institute Wadala,Saki Naka,349
Ola,Bike,Vidyalankar Institute Wadala,Saki Naka,Unavailable for long disance
Ola,Black/Lux,Vidyalankar Institute Wadala,Saki Naka,280
Ola,Mini,Vidyalankar Institute Wadala,Saki Naka,232
Ola,Taxi,Vidyalankar Institute Wadala,Saki Naka,360
Ola,Premier Sedan,Vidyalankar Institute Wadala,Saki Naka,310
Ola,SUV,Vidyalankar Institute Wadala,Saki Naka,379
Uber,XL,Vidyalankar Institute Wadala,Chakala/JB Nagar,430
Uber,Bike,Vidyalankar Institute Wadala,Chakala/JB Nagar,Unavailable for long disance
Uber,Black/Lux,Vidyalankar Institute Wadala,Chakala/JB Nagar,390
Uber,Mini,Vidyalankar Institute Wadala,Chakala/JB Nagar,250
Uber,Taxi,Vidyalankar Institute Wadala,Chakala/JB Nagar,340
Uber ,Premier Sedan,Vidyalankar Institute Wadala,Chakala/JB Nagar,260
Uber,SUV,Vidyalankar Institute Wadala,Chakala/JB Nagar,270
Ola,XL,Vidyalankar Institute Wadala,Chakala/JB Nagar,419
Ola,Bike,Vidyalankar Institute Wadala,Chakala/JB Nagar,Unavailable for long disance
Ola,Black/Lux,Vidyalankar Institute Wadala,Chakala/JB Nagar,370
Ola,Mini,Vidyalankar Institute Wadala,Chakala/JB Nagar,220
Ola,Taxi,Vidyalankar Institute Wadala,Chakala/JB Nagar,319
Ola,Premier Sedan,Vidyalankar Institute Wadala,Chakala/JB Nagar,248
Ola,SUV,Vidyalankar Institute Wadala,Chakala/JB Nagar,444
Uber,XL,Vidyalankar Institute Wadala,Marol Naka,430
Uber,Bike,Vidyalankar Institute Wadala,Marol Naka,Unavailable for long disance
Uber,Black/Lux,Vidyalankar Institute Wadala,Marol Naka,399
Uber,Mini,Vidyalankar Institute Wadala,Marol Naka,250
Uber,Taxi,Vidyalankar Institute Wadala,Marol Naka,350
Uber ,Premier Sedan,Vidyalankar Institute Wadala,Marol Naka,277
Uber,SUV,Vidyalankar Institute Wadala,Marol Naka,470
Ola,XL,Vidyalankar Institute Wadala,Marol Naka,417
Ola,Bike,Vidyalankar Institute Wadala,Marol Naka,Unavailable for long disance
Ola,Black/Lux,Vidyalankar Institute Wadala,Marol Naka,380
Ola,Mini,Vidyalankar Institute Wadala,Marol Naka,228
Ola,Taxi,Vidyalankar Institute Wadala,Marol Naka,328
Ola,Premier Sedan,Vidyalankar Institute Wadala,Marol Naka,257
Ola,SUV,Vidyalankar Institute Wadala,Marol Naka,454
Uber,XL,Vidyalankar Institute Wadala,Jagruti Nagar,290
Uber,Bike,Vidyalankar Institute Wadala,Jagruti Nagar,86
Uber,Black/Lux,Vidyalankar Institute Wadala,Jagruti Nagar,210
Uber,Mini,Vidyalankar Institute Wadala,Jagruti Nagar,148
Uber,Taxi,Vidyalankar Institute Wadala,Jagruti Nagar,180
Uber ,Premier Sedan,Vidyalankar Institute Wadala,Jagruti Nagar,170
Uber,SUV,Vidyalankar Institute Wadala,Jagruti Nagar,318
Ola,XL,Vidyalankar Institute Wadala,Jagruti Nagar,280
Ola,Bike,Vidyalankar Institute Wadala,Jagruti Nagar,75
Ola,Black/Lux,Vidyalankar Institute Wadala,Jagruti Nagar,200
Ola,Mini,Vidyalankar Institute Wadala,Jagruti Nagar,138
Ola,Taxi,Vidyalankar Institute Wadala,Jagruti Nagar,170
Ola,Premier Sedan,Vidyalankar Institute Wadala,Jagruti Nagar,161
Ola,SUV,Vidyalankar Institute Wadala,Jagruti Nagar,303
Uber,XL,Vidyalankar Institute Wadala,Nallasopara,1550
Uber,Bike,Vidyalankar Institute Wadala,Nallasopara,Unavailable for long disance
Uber,Black/Lux,Vidyalankar Institute Wadala,Nallasopara,1020
Uber,Mini,Vidyalankar Institute Wadala,Nallasopara,950
Uber,Taxi,Vidyalankar Institute Wadala,Nallasopara,Unavailable for long disance
Uber ,Premier Sedan,Vidyalankar Institute Wadala,Nallasopara,1127
Uber,SUV,Vidyalankar Institute Wadala,Nallasopara,1830
Ola,XL,Vidyalankar Institute Wadala,Nallasopara,1500
Ola,Bike,Vidyalankar Institute Wadala,Nallasopara,Unavailable for long disance
Ola,Black/Lux,Vidyalankar Institute Wadala,Nallasopara,1000
Ola,Mini,Vidyalankar Institute Wadala,Nallasopara,949
Ola,Taxi,Vidyalankar Institute Wadala,Nallasopara,w
Ola,Premier Sedan,Vidyalankar Institute Wadala,Nallasopara,1107
Ola,SUV,Vidyalankar Institute Wadala,Nallasopara,1807
Uber,XL,Vidyalankar Institute Wadala,Juhu,429
Uber,Bike,Vidyalankar Institute Wadala,Juhu,Unavailable for long disance
Uber,Black/Lux,Vidyalankar Institute Wadala,Juhu,390
Uber,Mini,Vidyalankar Institute Wadala,Juhu,200
Uber,Taxi,Vidyalankar Institute Wadala,Juhu,320
Uber ,Premier Sedan,Vidyalankar Institute Wadala,Juhu,228
Uber,SUV,Vidyalankar Institute Wadala,Juhu,460
Ola,XL,Vidyalankar Institute Wadala,Juhu,410
Ola,Bike,Vidyalankar Institute Wadala,Juhu,Unavailable for long disance
Ola,Black/Lux,Vidyalankar Institute Wadala,Juhu,370
Ola,Mini,Vidyalankar Institute Wadala,Juhu,186
Ola,Taxi,Vidyalankar Institute Wadala,Juhu,309
Ola,Premier Sedan,Vidyalankar Institute Wadala,Juhu,217
Ola,SUV,Vidyalankar Institute Wadala,Juhu,450
