Service,CabType,Source,Destination,Fare
Ola,XL,Seawoods,Borivali,200
Uber,Sedan,Seawoods,Borivali,221
Ola,Mini,Kurla,Chembur,314
Uber,Bike,Kurla,Chembur,321
Ola,Bike,Kalyan,Vasai,729
Uber,Mini,Kalyan,Vasai,694
Ola,XL,Dadar,Vasai,452
Uber,Prime,Dadar,Vasai,448
Ola,XL,Bandra,Panvel,504
Uber,Bike,Bandra,Panvel,471
Ola,Auto,Andheri,Nerul,297
Uber,XL,Andheri,Nerul,355
Ola,Bike,Thane,Kurla,309
Uber,Bike,Thane,Kurla,340
Ola,Auto,Mulund,Andheri,505
Uber,XL,Mulund,Andheri,489
Ola,Sedan,Bhiwandi,Kurla,261
Uber,Auto,Bhiwandi,Kurla,255
Ola,XL,Dadar,Andheri,637
Uber,Bike,Dadar,Andheri,723
Ola,Auto,Bandra,Chembur,214
Uber,Auto,Bandra,Chembur,255
Ola,Prime,Seawoods,Ghatkopar,298
Uber,XL,Seawoods,Ghatkopar,271
Ola,Auto,Kurla,Bhiwandi,485
Uber,Auto,Kurla,Bhiwandi,441
Ola,XL,Thane,Vikhroli,653
Uber,XL,Thane,Vikhroli,631
Ola,Auto,Mira Road,Powai,604
Uber,XL,Mira Road,Powai,611
Ola,Mini,Borivali,Bhiwandi,681
Uber,Sedan,Borivali,Bhiwandi,627
Ola,Mini,Chembur,Mumbai Central,552
Uber,Sedan,Chembur,Mumbai Central,509
Ola,Auto,Nerul,Thane,598
Uber,Sedan,Nerul,Thane,646
Ola,Prime,Chembur,Bandra,699
Uber,Prime,Chembur,Bandra,698
Ola,Bike,Borivali,Colaba,592
Uber,Prime,Borivali,Colaba,592
Ola,XL,Kurla,Mumbai Central,445
Uber,Prime,Kurla,Mumbai Central,461
Ola,Auto,Dadar,Kurla,464
Uber,Mini,Dadar,Kurla,429
Ola,Prime,Bhiwandi,Powai,282
Uber,Sedan,Bhiwandi,Powai,298
Ola,Prime,Andheri,Bhiwandi,181
Uber,Sedan,Andheri,Bhiwandi,181
Ola,XL,Mira Road,Bhiwandi,301
Uber,Auto,Mira Road,Bhiwandi,253
Ola,Auto,Kurla,Vasai,601
Uber,Auto,Kurla,Vasai,639
Ola,Auto,Kalyan,Panvel,705
Uber,Sedan,Kalyan,Panvel,643
Ola,Sedan,Ghatkopar,Mira Road,773
Uber,Auto,Ghatkopar,Mira Road,830
Ola,Sedan,Mulund,Borivali,411
Uber,Mini,Mulund,Borivali,344
Ola,Bike,Mulund,Kurla,443
Uber,Auto,Mulund,Kurla,384
Ola,Sedan,Vikhroli,Borivali,376
Uber,Bike,Vikhroli,Borivali,323
Ola,Bike,Kalyan,Mumbai Central,607
Uber,Auto,Kalyan,Mumbai Central,618
Ola,Bike,Mira Road,Dadar,784
Uber,Bike,Mira Road,Dadar,724
Ola,Auto,Mira Road,Powai,559
Uber,Prime,Mira Road,Powai,561
Ola,Bike,Nerul,Borivali,289
Uber,XL,Nerul,Borivali,275
Ola,Auto,Kalyan,Vasai,312
Uber,Prime,Kalyan,Vasai,309
Ola,Bike,Vikhroli,Nerul,429
Uber,Sedan,Vikhroli,Nerul,438
Ola,XL,Andheri,Chembur,730
Uber,Auto,Andheri,Chembur,748
Ola,Auto,Dadar,Kurla,341
Uber,Prime,Dadar,Kurla,370
Ola,Sedan,Chembur,Mira Road,511
Uber,Prime,Chembur,Mira Road,536
Ola,Bike,Bhiwandi,Andheri,564
Uber,XL,Bhiwandi,Andheri,502
Ola,XL,Borivali,Ghatkopar,221
Uber,Auto,Borivali,Ghatkopar,223
Ola,Bike,Mumbai Central,Kurla,194
Uber,Bike,Mumbai Central,Kurla,190
Ola,XL,Panvel,Colaba,213
Uber,XL,Panvel,Colaba,184
Ola,Prime,Thane,Bhiwandi,611
Uber,Auto,Thane,Bhiwandi,634
Ola,XL,Colaba,Panvel,392
Uber,Prime,Colaba,Panvel,459
Ola,Prime,Borivali,Colaba,570
Uber,Auto,Borivali,Colaba,656
Ola,Prime,Ghatkopar,Mira Road,275
Uber,Prime,Ghatkopar,Mira Road,215
Ola,Sedan,Panvel,Bandra,514
Uber,Prime,Panvel,Bandra,542
Ola,Prime,Thane,Seawoods,539
Uber,Mini,Thane,Seawoods,629
Ola,XL,Kalyan,Dadar,735
Uber,Prime,Kalyan,Dadar,734
Ola,XL,Chembur,Ghatkopar,503
Uber,XL,Chembur,Ghatkopar,436
Ola,Auto,Chembur,Ghatkopar,717
Uber,XL,Chembur,Ghatkopar,646
Ola,Prime,Panvel,Bhiwandi,343
Uber,XL,Panvel,Bhiwandi,416
Ola,Auto,Powai,Vikhroli,679
Uber,Mini,Powai,Vikhroli,731
Ola,Prime,Borivali,Powai,635
Uber,Prime,Borivali,Powai,697
Ola,Sedan,Nerul,Thane,620
Uber,Prime,Nerul,Thane,580
Ola,Prime,Ghatkopar,Dadar,464
Uber,XL,Ghatkopar,Dadar,410
Ola,Mini,Panvel,Chembur,435
Uber,Auto,Panvel,Chembur,407
Ola,Mini,Chembur,Kurla,329
Uber,Bike,Chembur,Kurla,369
Ola,Mini,Thane,Mulund,558
Uber,Prime,Thane,Mulund,632
Ola,Bike,Mira Road,Seawoods,223
Uber,Mini,Mira Road,Seawoods,258
Ola,Prime,Seawoods,Bhiwandi,746
Uber,Auto,Seawoods,Bhiwandi,730
Ola,Bike,Nerul,Thane,702
Uber,XL,Nerul,Thane,706
Ola,Sedan,Dadar,Mumbai Central,477
Uber,Prime,Dadar,Mumbai Central,524
Ola,Auto,Colaba,Kurla,463
Uber,Prime,Colaba,Kurla,425
Ola,Auto,Kurla,Mumbai Central,318
Uber,XL,Kurla,Mumbai Central,289
Ola,Bike,Mira Road,Mumbai Central,504
Uber,Mini,Mira Road,Mumbai Central,503
Ola,Auto,Vasai,Mumbai Central,261
Uber,Auto,Vasai,Mumbai Central,266
Ola,Prime,Vikhroli,Powai,744
Uber,Auto,Vikhroli,Powai,811
Ola,Sedan,Kalyan,Ghatkopar,525
Uber,Bike,Kalyan,Ghatkopar,614
Ola,Prime,Kalyan,Bandra,717
Uber,Auto,Kalyan,Bandra,759
Ola,Sedan,Thane,Vikhroli,592
Uber,XL,Thane,Vikhroli,647
Ola,Auto,Ghatkopar,Nerul,357
Uber,Bike,Ghatkopar,Nerul,368
Ola,Bike,Chembur,Powai,346
Uber,Prime,Chembur,Powai,296
Ola,Mini,Bandra,Mira Road,504
Uber,Bike,Bandra,Mira Road,486
Ola,Mini,Dadar,Bandra,747
Uber,Prime,Dadar,Bandra,780
Ola,Sedan,Vikhroli,Bandra,507
Uber,Auto,Vikhroli,Bandra,505
Ola,Bike,Vikhroli,Mira Road,363
Uber,Auto,Vikhroli,Mira Road,310
Ola,XL,Bandra,Powai,534
Uber,Prime,Bandra,Powai,563
Ola,Prime,Mulund,Borivali,477
Uber,Sedan,Mulund,Borivali,457
Ola,Sedan,Andheri,Mira Road,796
Uber,XL,Andheri,Mira Road,815
Ola,XL,Kurla,Chembur,401
Uber,Bike,Kurla,Chembur,382
Ola,XL,Bhiwandi,Panvel,338
Uber,Bike,Bhiwandi,Panvel,324
Ola,Bike,Seawoods,Bandra,565
Uber,Mini,Seawoods,Bandra,611
Ola,Sedan,Seawoods,Colaba,331
Uber,Bike,Seawoods,Colaba,420
Ola,Sedan,Mumbai Central,Ghatkopar,579
Uber,Sedan,Mumbai Central,Ghatkopar,555
Ola,Mini,Kurla,Nerul,354
Uber,Prime,Kurla,Nerul,357
Ola,XL,Bhiwandi,Colaba,509
Uber,XL,Bhiwandi,Colaba,514
Ola,Auto,Borivali,Ghatkopar,754
Uber,Prime,Borivali,Ghatkopar,766
Ola,Bike,Colaba,Kalyan,613
Uber,Prime,Colaba,Kalyan,669
Ola,Prime,Kurla,Mira Road,235
Uber,Mini,Kurla,Mira Road,240
Ola,Sedan,Borivali,Panvel,451
Uber,Bike,Borivali,Panvel,425
Ola,Sedan,Seawoods,Kurla,557
Uber,Auto,Seawoods,Kurla,533
Ola,Sedan,Nerul,Vasai,299
Uber,XL,Nerul,Vasai,366
Ola,Bike,Seawoods,Thane,293
Uber,Auto,Seawoods,Thane,382
Ola,Mini,Seawoods,Mulund,338
Uber,XL,Seawoods,Mulund,352
Ola,Sedan,Vikhroli,Thane,714
Uber,XL,Vikhroli,Thane,644
Ola,Bike,Dadar,Mumbai Central,366
Uber,Mini,Dadar,Mumbai Central,309
Ola,XL,Mumbai Central,Mulund,582
Uber,XL,Mumbai Central,Mulund,531
Ola,Auto,Mira Road,Borivali,201
Uber,Mini,Mira Road,Borivali,200
Ola,Mini,Panvel,Powai,676
Uber,Bike,Panvel,Powai,711
Ola,Sedan,Mumbai Central,Mulund,647
Uber,Sedan,Mumbai Central,Mulund,678
Ola,Prime,Mumbai Central,Ghatkopar,372
Uber,Prime,Mumbai Central,Ghatkopar,384
Ola,Bike,Thane,Vikhroli,448
Uber,Bike,Thane,Vikhroli,496
Ola,Prime,Powai,Thane,656
Uber,Sedan,Powai,Thane,591
Ola,XL,Mulund,Thane,334
Uber,Prime,Mulund,Thane,335
Ola,Prime,Ghatkopar,Borivali,694
Uber,Auto,Ghatkopar,Borivali,688
Ola,XL,Bhiwandi,Mumbai Central,538
Uber,Bike,Bhiwandi,Mumbai Central,559
Ola,Auto,Kalyan,Mira Road,427
Uber,Auto,Kalyan,Mira Road,425
Ola,Mini,Andheri,Seawoods,561
Uber,Sedan,Andheri,Seawoods,566
Ola,Auto,Vikhroli,Thane,351
Uber,Bike,Vikhroli,Thane,434
Ola,Prime,Kalyan,Ghatkopar,508
Uber,Auto,Kalyan,Ghatkopar,471
Ola,Mini,Bandra,Mumbai Central,476
Uber,Mini,Bandra,Mumbai Central,472
Ola,Sedan,Andheri,Ghatkopar,310
Uber,Mini,Andheri,Ghatkopar,290
Ola,Mini,Mulund,Bandra,460
Uber,Mini,Mulund,Bandra,457
Ola,Bike,Nerul,Mulund,699
Uber,Bike,Nerul,Mulund,695
Ola,Auto,Kurla,Nerul,247
Uber,Sedan,Kurla,Nerul,315
Ola,Auto,Kurla,Colaba,724
Uber,Bike,Kurla,Colaba,805
Ola,XL,Powai,Bhiwandi,245
Uber,Sedan,Powai,Bhiwandi,238
Ola,Auto,Panvel,Mira Road,444
Uber,Prime,Panvel,Mira Road,486
Ola,XL,Kalyan,Bhiwandi,324
Uber,Sedan,Kalyan,Bhiwandi,377
Ola,Mini,Vikhroli,Andheri,207
Uber,XL,Vikhroli,Andheri,215
Ola,Prime,Seawoods,Borivali,778
Uber,Sedan,Seawoods,Borivali,803
Ola,Prime,Colaba,Andheri,617
Uber,XL,Colaba,Andheri,595
Ola,Prime,Chembur,Kurla,246
Uber,Auto,Chembur,Kurla,181
Ola,Bike,Kurla,Nerul,314
Uber,Prime,Kurla,Nerul,261
Ola,Prime,Kurla,Bandra,427
Uber,Bike,Kurla,Bandra,437
Ola,Mini,Chembur,Bhiwandi,709
Uber,Prime,Chembur,Bhiwandi,756
Ola,Auto,Kurla,Ghatkopar,236
Uber,Sedan,Kurla,Ghatkopar,295
Ola,Prime,Andheri,Vasai,677
Uber,Mini,Andheri,Vasai,619
Ola,XL,Mira Road,Kalyan,497
Uber,XL,Mira Road,Kalyan,498
Ola,Prime,Kalyan,Bandra,377
Uber,XL,Kalyan,Bandra,355
Ola,Sedan,Seawoods,Mulund,723
Uber,Mini,Seawoods,Mulund,649
Ola,Prime,Vikhroli,Colaba,383
Uber,Sedan,Vikhroli,Colaba,366
Ola,Auto,Nerul,Mumbai Central,313
Uber,Auto,Nerul,Mumbai Central,305
Ola,Bike,Thane,Mira Road,338
Uber,Sedan,Thane,Mira Road,357
Ola,Sedan,Nerul,Borivali,607
Uber,Mini,Nerul,Borivali,680
Ola,Auto,Dadar,Bhiwandi,233
Uber,Bike,Dadar,Bhiwandi,239
Ola,Auto,Seawoods,Andheri,302
Uber,Sedan,Seawoods,Andheri,310
Ola,Auto,Borivali,Bandra,511
Uber,Prime,Borivali,Bandra,534
Ola,Bike,Borivali,Chembur,362
Uber,Bike,Borivali,Chembur,429
Ola,Auto,Chembur,Panvel,435
Uber,Mini,Chembur,Panvel,454
Ola,XL,Bhiwandi,Nerul,390
Uber,Bike,Bhiwandi,Nerul,356
Ola,XL,Nerul,Chembur,490
Uber,XL,Nerul,Chembur,524
Ola,Sedan,Mira Road,Mumbai Central,590
Uber,Prime,Mira Road,Mumbai Central,621
Ola,Sedan,Colaba,Kurla,359
Uber,Mini,Colaba,Kurla,372
Ola,Prime,Mira Road,Mumbai Central,587
Uber,Bike,Mira Road,Mumbai Central,552
Ola,Prime,Nerul,Seawoods,616
Uber,Auto,Nerul,Seawoods,570
Ola,Mini,Mumbai Central,Thane,453
Uber,XL,Mumbai Central,Thane,459
Ola,Auto,Kurla,Ghatkopar,513
Uber,XL,Kurla,Ghatkopar,474
Ola,Prime,Kurla,Chembur,461
Uber,Bike,Kurla,Chembur,470
Ola,Sedan,Vikhroli,Kalyan,685
Uber,XL,Vikhroli,Kalyan,685
Ola,XL,Seawoods,Mulund,254
Uber,Mini,Seawoods,Mulund,347
Ola,Bike,Nerul,Kalyan,513
Uber,Prime,Nerul,Kalyan,537
Ola,Bike,Kalyan,Ghatkopar,327
Uber,Auto,Kalyan,Ghatkopar,311
Ola,XL,Panvel,Dadar,285
Uber,Bike,Panvel,Dadar,254
Ola,Mini,Panvel,Dadar,691
Uber,Bike,Panvel,Dadar,665
Ola,XL,Thane,Bandra,260
Uber,Sedan,Thane,Bandra,252
Ola,Bike,Borivali,Powai,323
Uber,Bike,Borivali,Powai,291
Ola,Prime,Bhiwandi,Nerul,489
Uber,Mini,Bhiwandi,Nerul,500
Ola,Auto,Kalyan,Bandra,518
Uber,Bike,Kalyan,Bandra,499
Ola,Bike,Panvel,Chembur,616
Uber,Mini,Panvel,Chembur,623
Ola,Bike,Powai,Chembur,585
Uber,Mini,Powai,Chembur,605
Ola,Auto,Nerul,Andheri,631
Uber,Prime,Nerul,Andheri,653
Ola,Auto,Borivali,Kalyan,247
Uber,Sedan,Borivali,Kalyan,270
Ola,Sedan,Vikhroli,Kurla,560
Uber,Auto,Vikhroli,Kurla,536
Ola,Bike,Andheri,Mumbai Central,674
Uber,XL,Andheri,Mumbai Central,672
Ola,Mini,Kurla,Mumbai Central,424
Uber,Prime,Kurla,Mumbai Central,505
Ola,Prime,Mira Road,Panvel,719
Uber,XL,Mira Road,Panvel,632
Ola,Bike,Mumbai Central,Ghatkopar,572
Uber,Bike,Mumbai Central,Ghatkopar,615
Ola,Bike,Mira Road,Mumbai Central,821
Uber,Auto,Mira Road,Mumbai Central,819
Ola,Mini,Chembur,Borivali,786
Uber,Auto,Chembur,Borivali,741
Ola,Bike,Kurla,Dadar,780
Uber,XL,Kurla,Dadar,785
Ola,Mini,Andheri,Powai,775
Uber,Prime,Andheri,Powai,779
Ola,Prime,Mumbai Central,Dadar,747
Uber,Bike,Mumbai Central,Dadar,690
Ola,Bike,Mira Road,Chembur,242
Uber,XL,Mira Road,Chembur,169
Ola,Sedan,Dadar,Powai,507
Uber,Mini,Dadar,Powai,531
Ola,Bike,Seawoods,Panvel,361
Uber,Sedan,Seawoods,Panvel,343
Ola,Prime,Colaba,Vikhroli,202
Uber,Prime,Colaba,Vikhroli,215
Ola,Mini,Vasai,Dadar,562
Uber,Sedan,Vasai,Dadar,585
Ola,XL,Borivali,Chembur,448
Uber,Mini,Borivali,Chembur,477
Ola,Auto,Borivali,Vasai,745
Uber,XL,Borivali,Vasai,731
Ola,Sedan,Mulund,Kalyan,567
Uber,Bike,Mulund,Kalyan,554
Ola,Auto,Powai,Andheri,306
Uber,Bike,Powai,Andheri,364
Ola,Mini,Vikhroli,Mumbai Central,674
Uber,XL,Vikhroli,Mumbai Central,671
Ola,Mini,Bhiwandi,Seawoods,733
Uber,Prime,Bhiwandi,Seawoods,696
Ola,Sedan,Kalyan,Panvel,222
Uber,XL,Kalyan,Panvel,276
Ola,Bike,Colaba,Mulund,198
Uber,Sedan,Colaba,Mulund,171
Ola,XL,Ghatkopar,Panvel,371
Uber,Auto,Ghatkopar,Panvel,448
Ola,Mini,Panvel,Dadar,699
Uber,Auto,Panvel,Dadar,702
Ola,Mini,Mira Road,Panvel,460
Uber,Auto,Mira Road,Panvel,460
Ola,Mini,Thane,Borivali,652
Uber,Bike,Thane,Borivali,675
Ola,Auto,Panvel,Powai,753
Uber,Sedan,Panvel,Powai,771
Ola,Sedan,Mulund,Nerul,453
Uber,Auto,Mulund,Nerul,456
Ola,XL,Seawoods,Chembur,351
Uber,Sedan,Seawoods,Chembur,269
Ola,Bike,Bandra,Chembur,528
Uber,Auto,Bandra,Chembur,527
Ola,Auto,Seawoods,Mumbai Central,801
Uber,XL,Seawoods,Mumbai Central,769
Ola,Bike,Mumbai Central,Powai,397
Uber,XL,Mumbai Central,Powai,448
Ola,Auto,Vasai,Colaba,313
Uber,XL,Vasai,Colaba,389
Ola,XL,Kurla,Colaba,425
Uber,Auto,Kurla,Colaba,402
Ola,Mini,Borivali,Thane,487
Uber,Sedan,Borivali,Thane,500
Ola,Auto,Bhiwandi,Chembur,632
Uber,Bike,Bhiwandi,Chembur,613
Ola,Bike,Vasai,Kalyan,478
Uber,Bike,Vasai,Kalyan,497
Ola,Auto,Seawoods,Mira Road,690
Uber,Sedan,Seawoods,Mira Road,753
Ola,Prime,Vasai,Powai,498
Uber,Mini,Vasai,Powai,563
Ola,Sedan,Dadar,Thane,245
Uber,Mini,Dadar,Thane,215
Ola,Bike,Powai,Kalyan,349
Uber,Sedan,Powai,Kalyan,322
Ola,Prime,Bhiwandi,Mira Road,792
Uber,Auto,Bhiwandi,Mira Road,790
Ola,Bike,Mulund,Borivali,547
Uber,Mini,Mulund,Borivali,560
Ola,Bike,Chembur,Panvel,296
Uber,Prime,Chembur,Panvel,282
Ola,Auto,Powai,Nerul,477
Uber,Prime,Powai,Nerul,483
Ola,Auto,Andheri,Kurla,649
Uber,Mini,Andheri,Kurla,734
Ola,Bike,Borivali,Bhiwandi,775
Uber,XL,Borivali,Bhiwandi,776
Ola,XL,Powai,Vikhroli,645
Uber,Auto,Powai,Vikhroli,691
Ola,Prime,Ghatkopar,Mumbai Central,270
Uber,Sedan,Ghatkopar,Mumbai Central,264
Ola,Prime,Seawoods,Ghatkopar,495
Uber,Auto,Seawoods,Ghatkopar,436
Ola,XL,Borivali,Powai,604
Uber,Bike,Borivali,Powai,603
Ola,Auto,Bhiwandi,Colaba,209
Uber,XL,Bhiwandi,Colaba,191
Ola,Auto,Colaba,Ghatkopar,375
Uber,Auto,Colaba,Ghatkopar,380
Ola,Auto,Nerul,Kalyan,431
Uber,Bike,Nerul,Kalyan,441
Ola,Sedan,Borivali,Andheri,544
Uber,Bike,Borivali,Andheri,611
Ola,Sedan,Mumbai Central,Kurla,539
Uber,Sedan,Mumbai Central,Kurla,582
Ola,XL,Kurla,Thane,311
Uber,Sedan,Kurla,Thane,288
Ola,Bike,Andheri,Ghatkopar,458
Uber,XL,Andheri,Ghatkopar,475
Ola,XL,Thane,Vikhroli,222
Uber,Mini,Thane,Vikhroli,273
Ola,Prime,Nerul,Panvel,741
Uber,Prime,Nerul,Panvel,721
Ola,Auto,Powai,Mumbai Central,443
Uber,Sedan,Powai,Mumbai Central,472
Ola,Mini,Mumbai Central,Seawoods,427
Uber,Mini,Mumbai Central,Seawoods,403
Ola,Auto,Powai,Bandra,701
Uber,Prime,Powai,Bandra,691
Ola,Sedan,Kalyan,Thane,677
Uber,XL,Kalyan,Thane,631
Ola,XL,Ghatkopar,Colaba,566
Uber,Sedan,Ghatkopar,Colaba,556
Ola,XL,Mumbai Central,Colaba,348
Uber,Sedan,Mumbai Central,Colaba,320
Ola,Sedan,Colaba,Bhiwandi,646
Uber,Mini,Colaba,Bhiwandi,681
Ola,Sedan,Ghatkopar,Powai,334
Uber,XL,Ghatkopar,Powai,357
Ola,Auto,Borivali,Panvel,368
Uber,Auto,Borivali,Panvel,386
Ola,Mini,Kurla,Dadar,216
Uber,Bike,Kurla,Dadar,213
Ola,XL,Powai,Colaba,696
Uber,Mini,Powai,Colaba,648
Ola,Sedan,Nerul,Mira Road,375
Uber,Prime,Nerul,Mira Road,393
Ola,Sedan,Borivali,Dadar,385
Uber,Mini,Borivali,Dadar,410
Ola,Auto,Bhiwandi,Vikhroli,655
Uber,XL,Bhiwandi,Vikhroli,680
Ola,Mini,Seawoods,Mumbai Central,383
Uber,Prime,Seawoods,Mumbai Central,392
Ola,Prime,Mumbai Central,Vikhroli,676
Uber,Bike,Mumbai Central,Vikhroli,666
Ola,Mini,Thane,Vasai,386
Uber,Prime,Thane,Vasai,355
Ola,Auto,Mumbai Central,Kalyan,631
Uber,Prime,Mumbai Central,Kalyan,596
Ola,Auto,Mulund,Dadar,334
Uber,Auto,Mulund,Dadar,326
Ola,Auto,Borivali,Dadar,510
Uber,Prime,Borivali,Dadar,549
Ola,Mini,Mulund,Bhiwandi,612
Uber,XL,Mulund,Bhiwandi,639
Ola,Sedan,Mira Road,Thane,312
Uber,Mini,Mira Road,Thane,349
Ola,XL,Andheri,Bandra,295
Uber,Prime,Andheri,Bandra,334
Ola,Mini,Bandra,Kurla,513
Uber,Bike,Bandra,Kurla,525
Ola,XL,Mumbai Central,Mira Road,292
Uber,Sedan,Mumbai Central,Mira Road,332
Ola,Auto,Andheri,Nerul,537
Uber,Mini,Andheri,Nerul,479
Ola,XL,Seawoods,Kurla,410
Uber,XL,Seawoods,Kurla,403
Ola,Bike,Mumbai Central,Vikhroli,549
Uber,Auto,Mumbai Central,Vikhroli,556
Ola,Sedan,Dadar,Bhiwandi,371
Uber,Auto,Dadar,Bhiwandi,293
Ola,Sedan,Mulund,Vikhroli,769
Uber,Mini,Mulund,Vikhroli,750
Ola,Auto,Colaba,Mira Road,542
Uber,Prime,Colaba,Mira Road,512
Ola,Sedan,Ghatkopar,Mumbai Central,405
Uber,Auto,Ghatkopar,Mumbai Central,442
Ola,Prime,Powai,Mira Road,390
Uber,Sedan,Powai,Mira Road,465
Ola,XL,Bhiwandi,Powai,311
Uber,Auto,Bhiwandi,Powai,284
Ola,XL,Powai,Thane,226
Uber,Mini,Powai,Thane,259
Ola,Auto,Powai,Dadar,470
Uber,Prime,Powai,Dadar,454
Ola,Bike,Panvel,Chembur,329
Uber,Auto,Panvel,Chembur,322
Ola,XL,Bhiwandi,Nerul,489
Uber,Bike,Bhiwandi,Nerul,424
Ola,Bike,Chembur,Dadar,259
Uber,Auto,Chembur,Dadar,257
Ola,Auto,Mulund,Bandra,414
Uber,XL,Mulund,Bandra,471
Ola,XL,Nerul,Dadar,485
Uber,XL,Nerul,Dadar,572
Ola,Auto,Panvel,Vikhroli,426
Uber,Sedan,Panvel,Vikhroli,361
Ola,Sedan,Nerul,Vikhroli,649
Uber,Sedan,Nerul,Vikhroli,571
Ola,Bike,Andheri,Powai,427
Uber,XL,Andheri,Powai,385
Ola,Mini,Mira Road,Panvel,730
Uber,Mini,Mira Road,Panvel,747
Ola,XL,Bhiwandi,Mulund,459
Uber,Mini,Bhiwandi,Mulund,501
Ola,Mini,Panvel,Kalyan,755
Uber,Sedan,Panvel,Kalyan,786
Ola,Prime,Andheri,Kalyan,445
Uber,Mini,Andheri,Kalyan,368
Ola,Prime,Andheri,Mira Road,646
Uber,Auto,Andheri,Mira Road,640
Ola,Mini,Borivali,Nerul,761
Uber,Sedan,Borivali,Nerul,762
Ola,XL,Mira Road,Thane,564
Uber,Bike,Mira Road,Thane,512
Ola,Sedan,Kurla,Ghatkopar,309
Uber,XL,Kurla,Ghatkopar,327
Ola,XL,Ghatkopar,Kalyan,647
Uber,XL,Ghatkopar,Kalyan,577
Ola,Auto,Andheri,Vasai,670
Uber,Mini,Andheri,Vasai,670
Ola,Bike,Panvel,Kurla,274
Uber,Sedan,Panvel,Kurla,350
Ola,Bike,Seawoods,Kurla,776
Uber,Mini,Seawoods,Kurla,730
Ola,Mini,Dadar,Thane,407
Uber,XL,Dadar,Thane,414
Ola,Mini,Bhiwandi,Andheri,439
Uber,Auto,Bhiwandi,Andheri,439
Ola,Mini,Nerul,Mulund,550
Uber,Mini,Nerul,Mulund,638
Ola,Mini,Borivali,Kalyan,229
Uber,Sedan,Borivali,Kalyan,202
Ola,Bike,Mulund,Seawoods,500
Uber,Sedan,Mulund,Seawoods,527
Ola,Mini,Kurla,Powai,213
Uber,Prime,Kurla,Powai,205
Ola,XL,Dadar,Kalyan,473
Uber,Mini,Dadar,Kalyan,437
Ola,Auto,Vasai,Vikhroli,474
Uber,Mini,Vasai,Vikhroli,431
Ola,Auto,Mira Road,Vasai,458
Uber,XL,Mira Road,Vasai,428
Ola,Sedan,Powai,Bhiwandi,578
Uber,Prime,Powai,Bhiwandi,604
Ola,XL,Bandra,Thane,397
Uber,Auto,Bandra,Thane,389
Ola,Auto,Mira Road,Thane,788
Uber,Auto,Mira Road,Thane,745
Ola,Prime,Thane,Kurla,514
Uber,Bike,Thane,Kurla,500
Ola,Sedan,Seawoods,Andheri,657
Uber,Auto,Seawoods,Andheri,643
Ola,Prime,Ghatkopar,Seawoods,364
Uber,Bike,Ghatkopar,Seawoods,325
Ola,XL,Colaba,Vikhroli,559
Uber,Sedan,Colaba,Vikhroli,617
Ola,XL,Powai,Seawoods,370
Uber,Sedan,Powai,Seawoods,297
Ola,Sedan,Colaba,Bandra,252
Uber,Bike,Colaba,Bandra,251
Ola,XL,Mulund,Bhiwandi,638
Uber,Sedan,Mulund,Bhiwandi,632
Ola,Bike,Vasai,Dadar,580
Uber,Mini,Vasai,Dadar,485
Ola,XL,Mira Road,Thane,604
Uber,Bike,Mira Road,Thane,587
Ola,Auto,Bhiwandi,Bandra,304
Uber,Bike,Bhiwandi,Bandra,330
Ola,Mini,Thane,Seawoods,764
Uber,Auto,Thane,Seawoods,731
Ola,Bike,Borivali,Mumbai Central,593
Uber,Sedan,Borivali,Mumbai Central,631
Ola,Mini,Vasai,Kurla,455
Uber,Prime,Vasai,Kurla,419
Ola,Bike,Powai,Bandra,376
Uber,Mini,Powai,Bandra,408
Ola,Mini,Chembur,Bhiwandi,278
Uber,Prime,Chembur,Bhiwandi,351
Ola,Prime,Mira Road,Seawoods,792
Uber,XL,Mira Road,Seawoods,742
Ola,Auto,Dadar,Kurla,500
Uber,Sedan,Dadar,Kurla,580
Ola,XL,Kalyan,Mumbai Central,256
Uber,Auto,Kalyan,Mumbai Central,257
Ola,XL,Panvel,Vasai,669
Uber,Sedan,Panvel,Vasai,735
Ola,Prime,Mumbai Central,Andheri,485
Uber,Mini,Mumbai Central,Andheri,524
Ola,Prime,Thane,Andheri,467
Uber,Bike,Thane,Andheri,425
Ola,XL,Thane,Mumbai Central,569
Uber,Auto,Thane,Mumbai Central,606
Ola,Mini,Dadar,Andheri,191
Uber,Bike,Dadar,Andheri,231
Ola,Sedan,Panvel,Seawoods,548
Uber,Mini,Panvel,Seawoods,553
Ola,XL,Kurla,Ghatkopar,326
Uber,Auto,Kurla,Ghatkopar,329
Ola,Mini,Seawoods,Mumbai Central,364
Uber,Bike,Seawoods,Mumbai Central,403
Ola,Mini,Colaba,Thane,529
Uber,Prime,Colaba,Thane,545
Ola,Prime,Thane,Andheri,681
Uber,Sedan,Thane,Andheri,665
Ola,Sedan,Colaba,Dadar,308
Uber,Auto,Colaba,Dadar,334
Ola,Bike,Nerul,Vasai,397
Uber,Auto,Nerul,Vasai,395
Ola,XL,Thane,Bhiwandi,639
Uber,Bike,Thane,Bhiwandi,678
Ola,Sedan,Borivali,Vasai,236
Uber,Bike,Borivali,Vasai,223
Ola,XL,Nerul,Vasai,782
Uber,Auto,Nerul,Vasai,744
Ola,Bike,Borivali,Vikhroli,542
Uber,Bike,Borivali,Vikhroli,564
Ola,Mini,Kurla,Kalyan,547
Uber,Prime,Kurla,Kalyan,557
Ola,Bike,Powai,Vasai,665
Uber,XL,Powai,Vasai,663
Ola,Prime,Mira Road,Borivali,479
Uber,XL,Mira Road,Borivali,451
Ola,Prime,Mumbai Central,Thane,503
Uber,XL,Mumbai Central,Thane,517
Ola,Prime,Panvel,Thane,260
Uber,Sedan,Panvel,Thane,275
Ola,XL,Nerul,Kalyan,647
Uber,Mini,Nerul,Kalyan,647
Ola,Bike,Dadar,Vikhroli,466
Uber,XL,Dadar,Vikhroli,434
Ola,Bike,Mumbai Central,Vasai,737
Uber,Auto,Mumbai Central,Vasai,712
Ola,Auto,Colaba,Powai,563
Uber,Mini,Colaba,Powai,611
Ola,XL,Mira Road,Chembur,263
Uber,Mini,Mira Road,Chembur,290
Ola,XL,Seawoods,Kalyan,700
Uber,Sedan,Seawoods,Kalyan,782
Ola,Prime,Chembur,Kurla,511
Uber,Bike,Chembur,Kurla,514
Ola,Prime,Powai,Ghatkopar,651
Uber,Mini,Powai,Ghatkopar,599
Ola,Mini,Powai,Seawoods,647
Uber,XL,Powai,Seawoods,630
Ola,Auto,Powai,Vasai,218
Uber,Sedan,Powai,Vasai,224
Ola,Bike,Nerul,Vasai,564
Uber,Sedan,Nerul,Vasai,560
Ola,Bike,Mulund,Mira Road,791
Uber,Sedan,Mulund,Mira Road,782
Ola,Bike,Chembur,Andheri,616
Uber,Bike,Chembur,Andheri,576
Ola,Mini,Andheri,Mira Road,703
Uber,Prime,Andheri,Mira Road,724
Ola,Mini,Mulund,Bandra,492
Uber,Prime,Mulund,Bandra,502
Ola,Mini,Bhiwandi,Ghatkopar,279
Uber,Auto,Bhiwandi,Ghatkopar,355
Ola,XL,Ghatkopar,Seawoods,662
Uber,Bike,Ghatkopar,Seawoods,609
Ola,Prime,Thane,Colaba,226
Uber,Mini,Thane,Colaba,244
Ola,Prime,Vasai,Nerul,633
Uber,Mini,Vasai,Nerul,607
Ola,Bike,Colaba,Dadar,382
Uber,Bike,Colaba,Dadar,400
Ola,Bike,Borivali,Bhiwandi,722
Uber,Sedan,Borivali,Bhiwandi,739
Ola,Sedan,Vasai,Borivali,575
Uber,Bike,Vasai,Borivali,521
Ola,Mini,Ghatkopar,Colaba,456
Uber,XL,Ghatkopar,Colaba,363
Ola,Auto,Andheri,Bhiwandi,735
Uber,Bike,Andheri,Bhiwandi,739
Ola,Prime,Dadar,Mumbai Central,424
Uber,Auto,Dadar,Mumbai Central,388
Ola,Mini,Ghatkopar,Nerul,538
Uber,Auto,Ghatkopar,Nerul,510
Ola,Prime,Kalyan,Dadar,759
Uber,Auto,Kalyan,Dadar,811
Ola,Sedan,Ghatkopar,Thane,650
Uber,Sedan,Ghatkopar,Thane,588
Ola,Mini,Thane,Dadar,259
Uber,Mini,Thane,Dadar,188
Ola,Mini,Thane,Mulund,360
Uber,Auto,Thane,Mulund,367
Ola,Bike,Mumbai Central,Ghatkopar,608
Uber,Auto,Mumbai Central,Ghatkopar,642
Ola,Prime,Nerul,Powai,661
Uber,Bike,Nerul,Powai,580
Ola,Prime,Kurla,Ghatkopar,363
Uber,Sedan,Kurla,Ghatkopar,340
Ola,XL,Mira Road,Andheri,491
Uber,Mini,Mira Road,Andheri,429
Ola,Sedan,Mumbai Central,Vikhroli,447
Uber,Prime,Mumbai Central,Vikhroli,536
Ola,Prime,Ghatkopar,Borivali,606
Uber,XL,Ghatkopar,Borivali,619
Ola,XL,Ghatkopar,Mulund,157
Uber,Sedan,Ghatkopar,Mulund,235
Ola,Sedan,Powai,Nerul,276
Uber,Auto,Powai,Nerul,209
Ola,Auto,Kalyan,Thane,450
Uber,Mini,Kalyan,Thane,394
Ola,XL,Ghatkopar,Mumbai Central,670
Uber,Sedan,Ghatkopar,Mumbai Central,708
Ola,Mini,Mira Road,Mumbai Central,608
Uber,Mini,Mira Road,Mumbai Central,633
Ola,Sedan,Panvel,Mira Road,616
Uber,Mini,Panvel,Mira Road,559
Ola,Prime,Kalyan,Ghatkopar,281
Uber,Mini,Kalyan,Ghatkopar,270
Ola,Mini,Mulund,Kalyan,234
Uber,XL,Mulund,Kalyan,261
Ola,Bike,Andheri,Vikhroli,505
Uber,Mini,Andheri,Vikhroli,523
Ola,XL,Dadar,Nerul,758
Uber,Bike,Dadar,Nerul,790
Ola,Prime,Thane,Nerul,509
Uber,Prime,Thane,Nerul,514
Ola,Sedan,Andheri,Vasai,625
Uber,Bike,Andheri,Vasai,551
Ola,Auto,Kalyan,Nerul,381
Uber,Mini,Kalyan,Nerul,442
Ola,Mini,Chembur,Mira Road,604
Uber,Bike,Chembur,Mira Road,672
Ola,Mini,Panvel,Vasai,230
Uber,Auto,Panvel,Vasai,189
Ola,XL,Mira Road,Dadar,521
Uber,Bike,Mira Road,Dadar,507
Ola,Bike,Bhiwandi,Panvel,511
Uber,XL,Bhiwandi,Panvel,591
Ola,Auto,Vikhroli,Powai,783
Uber,Auto,Vikhroli,Powai,724
Ola,Sedan,Seawoods,Mira Road,784
Uber,Bike,Seawoods,Mira Road,838
Ola,Prime,Vasai,Nerul,817
Uber,Prime,Vasai,Nerul,731
Ola,Mini,Dadar,Panvel,623
Uber,Mini,Dadar,Panvel,635
Ola,Sedan,Mira Road,Bandra,207
Uber,Mini,Mira Road,Bandra,190
Ola,Sedan,Chembur,Vikhroli,343
Uber,Prime,Chembur,Vikhroli,374
Ola,Auto,Nerul,Thane,330
Uber,Sedan,Nerul,Thane,346
Ola,Bike,Mumbai Central,Powai,383
Uber,XL,Mumbai Central,Powai,456
Ola,XL,Kurla,Chembur,482
Uber,XL,Kurla,Chembur,455
Ola,Prime,Bhiwandi,Kurla,341
Uber,XL,Bhiwandi,Kurla,381
Ola,Auto,Chembur,Panvel,447
Uber,Prime,Chembur,Panvel,388
Ola,Sedan,Borivali,Mulund,475
Uber,XL,Borivali,Mulund,472
Ola,Auto,Mira Road,Powai,762
Uber,XL,Mira Road,Powai,732
Ola,Mini,Panvel,Seawoods,216
Uber,Mini,Panvel,Seawoods,179
Ola,Sedan,Mira Road,Ghatkopar,590
Uber,Mini,Mira Road,Ghatkopar,596
Ola,XL,Kurla,Chembur,534
Uber,Prime,Kurla,Chembur,538
Ola,Mini,Kurla,Andheri,633
Uber,Prime,Kurla,Andheri,615
Ola,Bike,Powai,Borivali,239
Uber,Sedan,Powai,Borivali,228
Ola,Auto,Nerul,Panvel,818
Uber,XL,Nerul,Panvel,818
Ola,Bike,Mulund,Kalyan,314
Uber,XL,Mulund,Kalyan,312
Ola,Sedan,Mulund,Dadar,491
Uber,Sedan,Mulund,Dadar,402
Ola,Bike,Bhiwandi,Panvel,441
Uber,Prime,Bhiwandi,Panvel,478
Ola,Auto,Bandra,Vasai,397
Uber,Mini,Bandra,Vasai,357
Ola,Mini,Andheri,Seawoods,267
Uber,Mini,Andheri,Seawoods,180
Ola,XL,Mumbai Central,Vikhroli,248
Uber,Bike,Mumbai Central,Vikhroli,277
Ola,Prime,Ghatkopar,Mulund,639
Uber,Prime,Ghatkopar,Mulund,719
Ola,Prime,Mulund,Vasai,811
Uber,Auto,Mulund,Vasai,819
Ola,Bike,Mira Road,Andheri,479
Uber,Sedan,Mira Road,Andheri,492
Ola,Prime,Bandra,Colaba,734
Uber,Mini,Bandra,Colaba,758
Ola,Auto,Kurla,Vikhroli,255
Uber,Mini,Kurla,Vikhroli,197
Ola,Bike,Seawoods,Nerul,519
Uber,Auto,Seawoods,Nerul,443
Ola,Prime,Thane,Bandra,321
Uber,Prime,Thane,Bandra,286
Ola,Auto,Bhiwandi,Powai,649
Uber,Sedan,Bhiwandi,Powai,648
Ola,Prime,Vikhroli,Thane,733
Uber,Bike,Vikhroli,Thane,792
Ola,XL,Thane,Colaba,248
Uber,Prime,Thane,Colaba,220
Ola,Sedan,Mulund,Seawoods,215
Uber,Mini,Mulund,Seawoods,222
Ola,Auto,Andheri,Kalyan,555
Uber,Mini,Andheri,Kalyan,588
Ola,Prime,Andheri,Kalyan,800
Uber,Mini,Andheri,Kalyan,788
Ola,Mini,Mira Road,Mulund,648
Uber,Prime,Mira Road,Mulund,637
Ola,Auto,Vikhroli,Mumbai Central,581
Uber,Bike,Vikhroli,Mumbai Central,549
Ola,Bike,Bhiwandi,Vikhroli,691
Uber,Mini,Bhiwandi,Vikhroli,718
Ola,Bike,Powai,Vikhroli,575
Uber,Auto,Powai,Vikhroli,590
Ola,Prime,Kalyan,Bandra,368
Uber,Mini,Kalyan,Bandra,395
Ola,Sedan,Vikhroli,Chembur,657
Uber,Sedan,Vikhroli,Chembur,683
Ola,Prime,Mumbai Central,Kurla,667
Uber,Mini,Mumbai Central,Kurla,678
Ola,Prime,Borivali,Dadar,738
Uber,XL,Borivali,Dadar,743
Ola,Sedan,Andheri,Seawoods,274
Uber,XL,Andheri,Seawoods,308
Ola,Prime,Chembur,Thane,346
Uber,XL,Chembur,Thane,311
Ola,XL,Mira Road,Seawoods,731
Uber,XL,Mira Road,Seawoods,805
Ola,Prime,Vasai,Kalyan,719
Uber,XL,Vasai,Kalyan,731
Ola,Auto,Panvel,Bandra,417
Uber,XL,Panvel,Bandra,443
Ola,Sedan,Chembur,Borivali,238
Uber,Bike,Chembur,Borivali,222
Ola,Prime,Borivali,Dadar,255
Uber,Bike,Borivali,Dadar,210
Ola,Auto,Mira Road,Kurla,267
Uber,Auto,Mira Road,Kurla,246
Ola,Bike,Seawoods,Powai,817
Uber,Bike,Seawoods,Powai,809
Ola,Bike,Mumbai Central,Borivali,504
Uber,Auto,Mumbai Central,Borivali,453
Ola,Auto,Bhiwandi,Powai,401
Uber,XL,Bhiwandi,Powai,341
Ola,XL,Vasai,Thane,519
Uber,XL,Vasai,Thane,544
Ola,Sedan,Andheri,Bandra,183
Uber,Mini,Andheri,Bandra,206
Ola,Sedan,Panvel,Borivali,335
Uber,Auto,Panvel,Borivali,294
Ola,XL,Vasai,Ghatkopar,330
Uber,Prime,Vasai,Ghatkopar,346
Ola,Prime,Borivali,Vikhroli,675
Uber,Mini,Borivali,Vikhroli,596
Ola,Sedan,Mumbai Central,Mulund,269
Uber,Auto,Mumbai Central,Mulund,320
Ola,Auto,Nerul,Powai,602
Uber,Mini,Nerul,Powai,547
Ola,Bike,Seawoods,Bhiwandi,195
Uber,Sedan,Seawoods,Bhiwandi,183
Ola,Auto,Bhiwandi,Borivali,363
Uber,Auto,Bhiwandi,Borivali,401
Ola,XL,Mira Road,Nerul,803
Uber,Mini,Mira Road,Nerul,805
Ola,Sedan,Bhiwandi,Mira Road,517
Uber,XL,Bhiwandi,Mira Road,558
Ola,Sedan,Vikhroli,Dadar,616
Uber,XL,Vikhroli,Dadar,639
Ola,Auto,Mumbai Central,Nerul,325
Uber,Mini,Mumbai Central,Nerul,324
Ola,Bike,Ghatkopar,Powai,328
Uber,Bike,Ghatkopar,Powai,259
Ola,Bike,Vikhroli,Thane,761
Uber,Auto,Vikhroli,Thane,818
Ola,Mini,Ghatkopar,Kalyan,524
Uber,XL,Ghatkopar,Kalyan,553
Ola,XL,Nerul,Seawoods,820
Uber,Mini,Nerul,Seawoods,828
Ola,Sedan,Mira Road,Mumbai Central,206
Uber,Bike,Mira Road,Mumbai Central,183
Ola,Sedan,Borivali,Ghatkopar,312
Uber,Auto,Borivali,Ghatkopar,291
Ola,Auto,Mulund,Ghatkopar,287
Uber,Sedan,Mulund,Ghatkopar,297
Ola,Prime,Borivali,Mira Road,576
Uber,Bike,Borivali,Mira Road,499
Ola,Sedan,Ghatkopar,Thane,378
Uber,Auto,Ghatkopar,Thane,403
Ola,Mini,Nerul,Mira Road,359
Uber,Bike,Nerul,Mira Road,383
Ola,Sedan,Mulund,Mira Road,231
Uber,XL,Mulund,Mira Road,249
Ola,Prime,Mumbai Central,Borivali,186
Uber,Bike,Mumbai Central,Borivali,194
Ola,Prime,Mumbai Central,Panvel,711
Uber,Prime,Mumbai Central,Panvel,670
Ola,Bike,Kurla,Mulund,349
Uber,XL,Kurla,Mulund,301
Ola,XL,Thane,Panvel,735
Uber,Mini,Thane,Panvel,760
Ola,Prime,Borivali,Colaba,402
Uber,Mini,Borivali,Colaba,336
Ola,Mini,Powai,Mumbai Central,485
Uber,XL,Powai,Mumbai Central,441
Ola,XL,Mira Road,Bandra,269
Uber,Mini,Mira Road,Bandra,300
Ola,XL,Thane,Colaba,480
Uber,Auto,Thane,Colaba,511
Ola,XL,Thane,Bhiwandi,625
Uber,Sedan,Thane,Bhiwandi,626
Ola,Bike,Andheri,Colaba,177
Uber,Auto,Andheri,Colaba,219
Ola,XL,Mira Road,Kalyan,655
Uber,Auto,Mira Road,Kalyan,610
Ola,Sedan,Vasai,Mira Road,188
Uber,XL,Vasai,Mira Road,220
Ola,Mini,Chembur,Ghatkopar,316
Uber,Prime,Chembur,Ghatkopar,326
Ola,Bike,Vikhroli,Kurla,591
Uber,XL,Vikhroli,Kurla,564
Ola,XL,Bandra,Kalyan,749
Uber,Sedan,Bandra,Kalyan,807
Ola,Prime,Seawoods,Dadar,437
Uber,Auto,Seawoods,Dadar,443
Ola,Bike,Bandra,Thane,502
Uber,Sedan,Bandra,Thane,589
Ola,Mini,Nerul,Ghatkopar,739
Uber,XL,Nerul,Ghatkopar,700
Ola,Mini,Seawoods,Ghatkopar,301
Uber,Bike,Seawoods,Ghatkopar,328
Ola,Mini,Kurla,Seawoods,606
Uber,XL,Kurla,Seawoods,621
Ola,Prime,Thane,Mulund,725
Uber,Prime,Thane,Mulund,744
Ola,Sedan,Colaba,Bandra,199
Uber,Auto,Colaba,Bandra,219
Ola,Auto,Mumbai Central,Andheri,671
Uber,XL,Mumbai Central,Andheri,702
Ola,XL,Chembur,Vikhroli,398
Uber,Bike,Chembur,Vikhroli,393
Ola,Auto,Seawoods,Vasai,728
Uber,Prime,Seawoods,Vasai,715
Ola,Auto,Colaba,Nerul,291
Uber,Sedan,Colaba,Nerul,328
Ola,Auto,Ghatkopar,Kalyan,469
Uber,XL,Ghatkopar,Kalyan,449
Ola,Bike,Chembur,Andheri,577
Uber,XL,Chembur,Andheri,557
Ola,Auto,Dadar,Seawoods,419
Uber,Sedan,Dadar,Seawoods,339
Ola,Bike,Nerul,Bandra,719
Uber,Prime,Nerul,Bandra,762
Ola,Mini,Colaba,Mumbai Central,504
Uber,Sedan,Colaba,Mumbai Central,507
Ola,XL,Dadar,Borivali,717
Uber,Bike,Dadar,Borivali,644
Ola,Bike,Borivali,Thane,363
Uber,XL,Borivali,Thane,329
Ola,Sedan,Vikhroli,Colaba,543
Uber,Sedan,Vikhroli,Colaba,572
Ola,Auto,Andheri,Vasai,337
Uber,Auto,Andheri,Vasai,416
Ola,Prime,Nerul,Kurla,786
Uber,Mini,Nerul,Kurla,780
Ola,XL,Borivali,Nerul,665
Uber,Prime,Borivali,Nerul,619
Ola,Auto,Bhiwandi,Borivali,279
Uber,Prime,Bhiwandi,Borivali,335
Ola,Mini,Chembur,Dadar,584
Uber,XL,Chembur,Dadar,518
Ola,Prime,Ghatkopar,Vikhroli,207
Uber,Sedan,Ghatkopar,Vikhroli,251
Ola,Mini,Kalyan,Vikhroli,425
Uber,Mini,Kalyan,Vikhroli,381
Ola,Mini,Bhiwandi,Mira Road,266
Uber,Bike,Bhiwandi,Mira Road,281
Ola,Mini,Andheri,Nerul,656
Uber,XL,Andheri,Nerul,597
Ola,Prime,Powai,Kurla,688
Uber,Prime,Powai,Kurla,648
Ola,Bike,Dadar,Borivali,485
Uber,XL,Dadar,Borivali,416
Ola,Mini,Vikhroli,Mira Road,558
Uber,Sedan,Vikhroli,Mira Road,483
Ola,Bike,Kalyan,Andheri,322
Uber,Sedan,Kalyan,Andheri,395
Ola,Auto,Panvel,Nerul,725
Uber,Sedan,Panvel,Nerul,696
Ola,Prime,Andheri,Vasai,651
Uber,Bike,Andheri,Vasai,627
Ola,Auto,Chembur,Seawoods,527
Uber,Mini,Chembur,Seawoods,504
Ola,Prime,Vikhroli,Thane,836
Uber,Bike,Vikhroli,Thane,761
Ola,Prime,Thane,Mira Road,722
Uber,XL,Thane,Mira Road,764
Ola,Mini,Kalyan,Bandra,530
Uber,Bike,Kalyan,Bandra,601
Ola,XL,Panvel,Ghatkopar,515
Uber,Auto,Panvel,Ghatkopar,496
Ola,Sedan,Panvel,Kurla,287
Uber,Sedan,Panvel,Kurla,254
Ola,Bike,Bandra,Dadar,817
Uber,Mini,Bandra,Dadar,776
Ola,Prime,Kalyan,Mulund,297
Uber,Auto,Kalyan,Mulund,311
Ola,Prime,Vasai,Chembur,767
Uber,XL,Vasai,Chembur,771
Ola,XL,Borivali,Vikhroli,298
Uber,Bike,Borivali,Vikhroli,249
Ola,XL,Nerul,Seawoods,732
Uber,Auto,Nerul,Seawoods,760
Ola,Sedan,Kalyan,Dadar,648
Uber,Bike,Kalyan,Dadar,731
Ola,XL,Nerul,Mira Road,652
Uber,XL,Nerul,Mira Road,666
Ola,Auto,Mulund,Mira Road,328
Uber,Mini,Mulund,Mira Road,299
Ola,Bike,Vasai,Kurla,717
Uber,XL,Vasai,Kurla,707
Ola,Prime,Powai,Nerul,623
Uber,Mini,Powai,Nerul,700
Ola,Bike,Seawoods,Bandra,418
Uber,Prime,Seawoods,Bandra,392
Ola,Mini,Nerul,Dadar,520
Uber,Prime,Nerul,Dadar,454
Ola,Bike,Thane,Mira Road,516
Uber,Mini,Thane,Mira Road,548
Ola,Bike,Kurla,Mumbai Central,462
Uber,XL,Kurla,Mumbai Central,385
Ola,XL,Mira Road,Panvel,573
Uber,Bike,Mira Road,Panvel,578
Ola,Mini,Mulund,Colaba,421
Uber,Mini,Mulund,Colaba,370
Ola,Auto,Bhiwandi,Vikhroli,386
Uber,Prime,Bhiwandi,Vikhroli,387
Ola,XL,Mira Road,Seawoods,693
Uber,Sedan,Mira Road,Seawoods,727
Ola,Prime,Bandra,Mumbai Central,388
Uber,Mini,Bandra,Mumbai Central,378
Ola,Sedan,Ghatkopar,Vasai,429
Uber,Mini,Ghatkopar,Vasai,458
Ola,Sedan,Ghatkopar,Mira Road,621
Uber,Sedan,Ghatkopar,Mira Road,619
Ola,Bike,Colaba,Dadar,486
Uber,Prime,Colaba,Dadar,396
Ola,Prime,Powai,Andheri,776
Uber,Mini,Powai,Andheri,786
Ola,Sedan,Andheri,Nerul,546
Uber,Bike,Andheri,Nerul,482
Ola,Sedan,Andheri,Kurla,342
Uber,Prime,Andheri,Kurla,264
Ola,Mini,Kalyan,Mumbai Central,596
Uber,Sedan,Kalyan,Mumbai Central,521
Ola,Sedan,Powai,Colaba,634
Uber,XL,Powai,Colaba,573
Ola,Mini,Colaba,Kalyan,181
Uber,Auto,Colaba,Kalyan,176
Ola,Prime,Vikhroli,Borivali,524
Uber,Sedan,Vikhroli,Borivali,512
Ola,Bike,Bandra,Bhiwandi,229
Uber,Auto,Bandra,Bhiwandi,214
Ola,Bike,Kalyan,Thane,397
Uber,Bike,Kalyan,Thane,454
Ola,Prime,Bandra,Mulund,586
Uber,XL,Bandra,Mulund,597
Ola,Mini,Colaba,Dadar,313
Uber,Bike,Colaba,Dadar,258
Ola,Sedan,Thane,Mumbai Central,396
Uber,Prime,Thane,Mumbai Central,429
Ola,Mini,Colaba,Dadar,265
Uber,Bike,Colaba,Dadar,227
Ola,Mini,Mira Road,Ghatkopar,240
Uber,XL,Mira Road,Ghatkopar,211
Ola,Sedan,Vikhroli,Bhiwandi,492
Uber,Mini,Vikhroli,Bhiwandi,412
Ola,Sedan,Mira Road,Nerul,725
Uber,Sedan,Mira Road,Nerul,714
Ola,Sedan,Borivali,Kalyan,772
Uber,Prime,Borivali,Kalyan,823
Ola,Bike,Dadar,Mira Road,706
Uber,Bike,Dadar,Mira Road,711
Ola,Sedan,Ghatkopar,Mulund,784
Uber,Auto,Ghatkopar,Mulund,818
Ola,Mini,Mira Road,Kalyan,564
Uber,XL,Mira Road,Kalyan,619
Ola,Mini,Mulund,Seawoods,265
Uber,XL,Mulund,Seawoods,255
Ola,Mini,Seawoods,Bandra,757
Uber,Bike,Seawoods,Bandra,727
Ola,XL,Bandra,Vikhroli,652
Uber,Auto,Bandra,Vikhroli,671
Ola,XL,Kurla,Vikhroli,448
Uber,Sedan,Kurla,Vikhroli,391
Ola,Auto,Seawoods,Dadar,527
Uber,Mini,Seawoods,Dadar,446
Ola,Mini,Vikhroli,Bhiwandi,363
Uber,Sedan,Vikhroli,Bhiwandi,369
Ola,Auto,Vikhroli,Dadar,267
Uber,Prime,Vikhroli,Dadar,309
Ola,Mini,Borivali,Vasai,351
Uber,Sedan,Borivali,Vasai,439
Ola,Prime,Bhiwandi,Mumbai Central,663
Uber,Prime,Bhiwandi,Mumbai Central,591
Ola,Auto,Powai,Chembur,330
Uber,Mini,Powai,Chembur,289
Ola,Mini,Mulund,Nerul,550
Uber,Sedan,Mulund,Nerul,514
Ola,XL,Andheri,Bhiwandi,687
Uber,Sedan,Andheri,Bhiwandi,763
Ola,Sedan,Chembur,Dadar,582
Uber,XL,Chembur,Dadar,532
Ola,Sedan,Thane,Bandra,753
Uber,Sedan,Thane,Bandra,712
Ola,Auto,Bhiwandi,Kalyan,442
Uber,XL,Bhiwandi,Kalyan,375
Ola,Prime,Vikhroli,Nerul,310
Uber,XL,Vikhroli,Nerul,360
Ola,Prime,Powai,Vikhroli,736
Uber,Auto,Powai,Vikhroli,735
Ola,XL,Dadar,Borivali,697
Uber,XL,Dadar,Borivali,710
Ola,Sedan,Bandra,Kurla,738
Uber,Prime,Bandra,Kurla,751
Ola,Mini,Thane,Ghatkopar,536
Uber,XL,Thane,Ghatkopar,535
Ola,Auto,Borivali,Dadar,273
Uber,Mini,Borivali,Dadar,356
Ola,Sedan,Mira Road,Bhiwandi,808
Uber,Bike,Mira Road,Bhiwandi,795
Ola,Bike,Panvel,Bhiwandi,424
Uber,Mini,Panvel,Bhiwandi,397
Ola,Mini,Ghatkopar,Mira Road,300
Uber,Auto,Ghatkopar,Mira Road,215
Ola,Bike,Ghatkopar,Mira Road,672
Uber,Mini,Ghatkopar,Mira Road,716
Ola,Auto,Chembur,Bandra,312
Uber,Auto,Chembur,Bandra,259
Ola,Prime,Mira Road,Thane,185
Uber,Mini,Mira Road,Thane,216
Ola,Bike,Powai,Kurla,279
Uber,XL,Powai,Kurla,268
Ola,Sedan,Panvel,Chembur,569
Uber,Prime,Panvel,Chembur,547
Ola,Prime,Powai,Colaba,610
Uber,Mini,Powai,Colaba,661
Ola,Mini,Andheri,Panvel,708
Uber,Mini,Andheri,Panvel,782
Ola,Auto,Vasai,Nerul,383
Uber,XL,Vasai,Nerul,354
Ola,XL,Nerul,Bandra,573
Uber,Sedan,Nerul,Bandra,533
Ola,Bike,Andheri,Kurla,306
Uber,Auto,Andheri,Kurla,223
Ola,Prime,Mumbai Central,Andheri,587
Uber,Auto,Mumbai Central,Andheri,664
Ola,Sedan,Vikhroli,Colaba,546
Uber,XL,Vikhroli,Colaba,527
Ola,Bike,Dadar,Nerul,324
Uber,XL,Dadar,Nerul,395
Ola,Bike,Vasai,Mira Road,686
Uber,Auto,Vasai,Mira Road,627
Ola,Sedan,Bandra,Dadar,712
Uber,Sedan,Bandra,Dadar,774
Ola,Bike,Powai,Vasai,250
Uber,Prime,Powai,Vasai,201
Ola,Prime,Colaba,Dadar,338
Uber,Bike,Colaba,Dadar,272
Ola,Prime,Bandra,Mulund,261
Uber,Prime,Bandra,Mulund,271
Ola,Mini,Mira Road,Panvel,586
Uber,Mini,Mira Road,Panvel,554
Ola,Mini,Kurla,Nerul,472
Uber,Sedan,Kurla,Nerul,535
Ola,Sedan,Mira Road,Mulund,670
Uber,Mini,Mira Road,Mulund,677
Ola,XL,Kurla,Mumbai Central,404
Uber,Sedan,Kurla,Mumbai Central,434
Ola,Bike,Borivali,Kalyan,556
Uber,Mini,Borivali,Kalyan,561
Ola,Bike,Andheri,Bandra,323
Uber,Bike,Andheri,Bandra,277
Ola,Bike,Bandra,Kurla,657
Uber,Sedan,Bandra,Kurla,652
Ola,Sedan,Mira Road,Vasai,607
Uber,Sedan,Mira Road,Vasai,581
Ola,XL,Dadar,Bandra,175
Uber,Sedan,Dadar,Bandra,204
Ola,Sedan,Mumbai Central,Vasai,697
Uber,Sedan,Mumbai Central,Vasai,747
Ola,XL,Bhiwandi,Bandra,686
Uber,Bike,Bhiwandi,Bandra,684
Ola,Auto,Chembur,Vasai,766
Uber,Mini,Chembur,Vasai,802
Ola,Prime,Ghatkopar,Powai,649
Uber,XL,Ghatkopar,Powai,599
Ola,Mini,Kalyan,Kurla,547
Uber,XL,Kalyan,Kurla,534
Ola,Prime,Mira Road,Colaba,706
Uber,Prime,Mira Road,Colaba,640
Ola,Mini,Seawoods,Nerul,349
Uber,Sedan,Seawoods,Nerul,399
Ola,Bike,Vikhroli,Bhiwandi,562
Uber,Mini,Vikhroli,Bhiwandi,558
Ola,Bike,Chembur,Bhiwandi,464
Uber,Prime,Chembur,Bhiwandi,437
Ola,Auto,Andheri,Vikhroli,338
Uber,Bike,Andheri,Vikhroli,375
Ola,XL,Kurla,Colaba,804
Uber,XL,Kurla,Colaba,735
Ola,Bike,Nerul,Ghatkopar,386
Uber,XL,Nerul,Ghatkopar,404
Ola,Mini,Borivali,Vasai,805
Uber,Mini,Borivali,Vasai,774
Ola,Mini,Mulund,Kurla,767
Uber,Prime,Mulund,Kurla,816
Ola,Auto,Panvel,Kurla,764
Uber,Auto,Panvel,Kurla,773
Ola,Prime,Chembur,Panvel,687
Uber,Prime,Chembur,Panvel,763
Ola,Prime,Thane,Andheri,258
Uber,Prime,Thane,Andheri,251
Ola,Bike,Ghatkopar,Powai,301
Uber,Prime,Ghatkopar,Powai,306
Ola,Bike,Vasai,Seawoods,201
Uber,Mini,Vasai,Seawoods,189
Ola,Bike,Vasai,Panvel,621
Uber,Prime,Vasai,Panvel,669
Ola,Mini,Panvel,Borivali,523
Uber,Auto,Panvel,Borivali,436
Ola,XL,Seawoods,Dadar,775
Uber,XL,Seawoods,Dadar,750
Ola,Mini,Nerul,Ghatkopar,305
Uber,Prime,Nerul,Ghatkopar,292
Ola,XL,Powai,Dadar,195
Uber,Prime,Powai,Dadar,232
Ola,Sedan,Thane,Seawoods,710
Uber,Mini,Thane,Seawoods,739
Ola,XL,Kalyan,Borivali,391
Uber,Prime,Kalyan,Borivali,352
Ola,Mini,Andheri,Colaba,833
Uber,XL,Andheri,Colaba,791
Ola,Bike,Nerul,Kurla,727
Uber,Mini,Nerul,Kurla,652
Ola,Prime,Panvel,Nerul,318
Uber,XL,Panvel,Nerul,396
Ola,XL,Chembur,Borivali,211
Uber,Bike,Chembur,Borivali,269
Ola,Prime,Andheri,Bandra,823
Uber,Bike,Andheri,Bandra,834
Ola,XL,Chembur,Panvel,461
Uber,Auto,Chembur,Panvel,442
Ola,Mini,Mulund,Bhiwandi,737
Uber,Sedan,Mulund,Bhiwandi,719
Ola,XL,Mumbai Central,Vikhroli,406
Uber,Auto,Mumbai Central,Vikhroli,487
Ola,Prime,Mulund,Colaba,753
Uber,Mini,Mulund,Colaba,755
Ola,Sedan,Mumbai Central,Bandra,691
Uber,Bike,Mumbai Central,Bandra,778
Ola,Sedan,Andheri,Seawoods,323
Uber,XL,Andheri,Seawoods,313
Ola,XL,Kalyan,Mira Road,727
Uber,Auto,Kalyan,Mira Road,811
Ola,Prime,Bhiwandi,Vasai,689
Uber,Bike,Bhiwandi,Vasai,661
Ola,Mini,Mulund,Mira Road,453
Uber,Auto,Mulund,Mira Road,499
Ola,Mini,Nerul,Colaba,681
Uber,Prime,Nerul,Colaba,727
Ola,Auto,Bhiwandi,Nerul,322
Uber,Prime,Bhiwandi,Nerul,295
Ola,Mini,Nerul,Borivali,687
Uber,Mini,Nerul,Borivali,658
Ola,Mini,Seawoods,Dadar,360
Uber,Prime,Seawoods,Dadar,417
Ola,Prime,Kalyan,Panvel,563
Uber,XL,Kalyan,Panvel,543
Ola,XL,Bandra,Kurla,682
Uber,Prime,Bandra,Kurla,695
Ola,XL,Kalyan,Colaba,480
Uber,Mini,Kalyan,Colaba,493
Ola,Bike,Ghatkopar,Colaba,376
Uber,Auto,Ghatkopar,Colaba,323
Ola,Prime,Seawoods,Bhiwandi,531
Uber,Prime,Seawoods,Bhiwandi,478
Ola,Auto,Andheri,Borivali,504
Uber,Bike,Andheri,Borivali,461
Ola,Auto,Mulund,Bhiwandi,429
Uber,XL,Mulund,Bhiwandi,448
Ola,Sedan,Bandra,Seawoods,381
Uber,Bike,Bandra,Seawoods,389
Ola,Auto,Panvel,Andheri,738
Uber,XL,Panvel,Andheri,726
Ola,Prime,Andheri,Mulund,687
Uber,XL,Andheri,Mulund,655
Ola,Prime,Colaba,Mulund,219
Uber,Auto,Colaba,Mulund,256
Ola,Auto,Dadar,Vasai,355
Uber,Bike,Dadar,Vasai,278
Ola,Sedan,Panvel,Kalyan,463
Uber,Prime,Panvel,Kalyan,475
Ola,Bike,Vikhroli,Chembur,585
Uber,Auto,Vikhroli,Chembur,528
Ola,Auto,Chembur,Vasai,625
Uber,Bike,Chembur,Vasai,677
Ola,XL,Colaba,Kalyan,343
Uber,Prime,Colaba,Kalyan,313
Ola,Bike,Panvel,Borivali,365
Uber,Mini,Panvel,Borivali,317
Ola,Auto,Kurla,Ghatkopar,834
Uber,Prime,Kurla,Ghatkopar,800
Ola,Mini,Colaba,Powai,736
Uber,Sedan,Colaba,Powai,784
Ola,Bike,Thane,Andheri,306
Uber,Sedan,Thane,Andheri,323
Ola,XL,Bandra,Bhiwandi,673
Uber,Auto,Bandra,Bhiwandi,748
Ola,Bike,Panvel,Powai,564
Uber,Mini,Panvel,Powai,535
Ola,Auto,Vasai,Andheri,373
Uber,Sedan,Vasai,Andheri,397
Ola,XL,Dadar,Andheri,548
Uber,Bike,Dadar,Andheri,515
Ola,Mini,Powai,Mulund,405
Uber,Mini,Powai,Mulund,324
Ola,Bike,Bandra,Ghatkopar,244
Uber,Mini,Bandra,Ghatkopar,290
Ola,Bike,Bhiwandi,Panvel,645
Uber,XL,Bhiwandi,Panvel,632
Ola,XL,Mira Road,Seawoods,442
Uber,Prime,Mira Road,Seawoods,436
Ola,Bike,Borivali,Kurla,641
Uber,Prime,Borivali,Kurla,647
Ola,XL,Mumbai Central,Bandra,470
Uber,Mini,Mumbai Central,Bandra,489
Ola,Auto,Dadar,Colaba,350
Uber,XL,Dadar,Colaba,332
Ola,Prime,Bhiwandi,Panvel,584
Uber,Prime,Bhiwandi,Panvel,584
Ola,XL,Mira Road,Mulund,714
Uber,Bike,Mira Road,Mulund,765
Ola,Prime,Andheri,Mira Road,563
Uber,Sedan,Andheri,Mira Road,469
Ola,Prime,Mira Road,Nerul,773
Uber,Bike,Mira Road,Nerul,747
Ola,Mini,Andheri,Seawoods,635
Uber,Bike,Andheri,Seawoods,616
Ola,XL,Borivali,Panvel,532
Uber,Sedan,Borivali,Panvel,502
Ola,Bike,Dadar,Panvel,723
Uber,Mini,Dadar,Panvel,721
Ola,Mini,Kalyan,Bhiwandi,582
Uber,Bike,Kalyan,Bhiwandi,558
Ola,Mini,Panvel,Borivali,314
Uber,XL,Panvel,Borivali,314
Ola,XL,Dadar,Seawoods,734
Uber,XL,Dadar,Seawoods,691
Ola,Auto,Bandra,Thane,627
Uber,Auto,Bandra,Thane,678
Ola,Prime,Mira Road,Panvel,641
Uber,Mini,Mira Road,Panvel,643
Ola,Auto,Chembur,Nerul,528
Uber,Bike,Chembur,Nerul,574
Ola,Mini,Powai,Mira Road,328
Uber,Bike,Powai,Mira Road,330
Ola,Auto,Dadar,Seawoods,196
Uber,Bike,Dadar,Seawoods,238
Ola,Mini,Mulund,Mumbai Central,514
Uber,Bike,Mulund,Mumbai Central,501
Ola,XL,Bandra,Dadar,205
Uber,Sedan,Bandra,Dadar,257
Ola,Mini,Kurla,Mira Road,374
Uber,XL,Kurla,Mira Road,374
Ola,Sedan,Colaba,Kalyan,476
Uber,Auto,Colaba,Kalyan,418
Ola,Auto,Mumbai Central,Andheri,302
Uber,XL,Mumbai Central,Andheri,271
Ola,Bike,Andheri,Colaba,470
Uber,Sedan,Andheri,Colaba,424
Ola,Prime,Mumbai Central,Vasai,463
Uber,Bike,Mumbai Central,Vasai,460
Ola,Mini,Vikhroli,Nerul,237
Uber,Prime,Vikhroli,Nerul,206
Ola,Prime,Vikhroli,Colaba,308
Uber,XL,Vikhroli,Colaba,332
Ola,Mini,Vasai,Bandra,289
Uber,Auto,Vasai,Bandra,282
Ola,Mini,Chembur,Andheri,729
Uber,Auto,Chembur,Andheri,717
Ola,Mini,Panvel,Andheri,564
Uber,Auto,Panvel,Andheri,563
Ola,Auto,Chembur,Ghatkopar,706
Uber,XL,Chembur,Ghatkopar,710
Ola,XL,Thane,Chembur,562
Uber,Mini,Thane,Chembur,572
Ola,Auto,Andheri,Vasai,706
Uber,Mini,Andheri,Vasai,629
Ola,Auto,Kalyan,Mira Road,507
Uber,Sedan,Kalyan,Mira Road,523
Ola,Auto,Seawoods,Andheri,651
Uber,Prime,Seawoods,Andheri,737
Ola,XL,Andheri,Thane,730
Uber,Auto,Andheri,Thane,772
Ola,Mini,Ghatkopar,Andheri,692
Uber,Prime,Ghatkopar,Andheri,654
Ola,Bike,Nerul,Thane,260
Uber,Sedan,Nerul,Thane,303
Ola,Prime,Mira Road,Kalyan,738
Uber,Sedan,Mira Road,Kalyan,747
Ola,Prime,Seawoods,Powai,461
Uber,XL,Seawoods,Powai,394
Ola,Mini,Colaba,Andheri,495
Uber,XL,Colaba,Andheri,479
Ola,Bike,Kurla,Seawoods,375
Uber,Mini,Kurla,Seawoods,406
Ola,Bike,Vasai,Chembur,274
Uber,Auto,Vasai,Chembur,283
Ola,Auto,Kurla,Andheri,544
Uber,Prime,Kurla,Andheri,534
Ola,Mini,Ghatkopar,Mumbai Central,162
Uber,XL,Ghatkopar,Mumbai Central,172
Ola,Prime,Andheri,Vasai,258
Uber,Prime,Andheri,Vasai,239
Ola,Mini,Andheri,Powai,369
Uber,Auto,Andheri,Powai,384
Ola,XL,Mira Road,Ghatkopar,595
Uber,Prime,Mira Road,Ghatkopar,619
Ola,Prime,Chembur,Vikhroli,545
Uber,Sedan,Chembur,Vikhroli,507
Ola,Prime,Kurla,Seawoods,636
Uber,Prime,Kurla,Seawoods,685
Ola,Auto,Nerul,Thane,479
Uber,XL,Nerul,Thane,527
Ola,Prime,Colaba,Nerul,263
Uber,Mini,Colaba,Nerul,279
Ola,Prime,Vasai,Bandra,450
Uber,Bike,Vasai,Bandra,441
Ola,Auto,Vikhroli,Vasai,366
Uber,Prime,Vikhroli,Vasai,429
Ola,XL,Mumbai Central,Thane,379
Uber,Auto,Mumbai Central,Thane,384
Ola,Sedan,Bandra,Bhiwandi,632
Uber,Auto,Bandra,Bhiwandi,585
Ola,Sedan,Bandra,Ghatkopar,348
Uber,Bike,Bandra,Ghatkopar,347
Ola,Auto,Chembur,Mumbai Central,573
Uber,Bike,Chembur,Mumbai Central,573
Ola,Mini,Thane,Kurla,574
Uber,Bike,Thane,Kurla,649
Ola,Mini,Mumbai Central,Kurla,497
Uber,Bike,Mumbai Central,Kurla,534
Ola,Prime,Borivali,Colaba,640
Uber,Sedan,Borivali,Colaba,605
Ola,Auto,Ghatkopar,Vikhroli,255
Uber,Prime,Ghatkopar,Vikhroli,209
